,name,link,class,province,region
0,Bangued,/wiki/Bangued,Mun,Abra,CAR
1,Boliney,/wiki/Boliney,Mun,Abra,CAR
2,Bucay,"/wiki/Bucay,_Abra",Mun,Abra,CAR
3,Bucloc,/wiki/Bucloc,Mun,Abra,CAR
4,Daguioman,/wiki/Daguioman,Mun,Abra,CAR
5,Danglas,/wiki/Danglas,Mun,Abra,CAR
6,Dolores,"/wiki/Dolores,_Abra",Mun,Abra,CAR
7,La Paz,"/wiki/La_Paz,_Abra",Mun,Abra,CAR
8,Lacub,/wiki/Lacub,Mun,Abra,CAR
9,Lagangilang,/wiki/Lagangilang,Mun,Abra,CAR
10,Lagayan,/wiki/Lagayan,Mun,Abra,CAR
11,Langiden,/wiki/Langiden,Mun,Abra,CAR
12,Licuan-Baay,/wiki/Licuan-Baay,Mun,Abra,CAR
13,Luba,"/wiki/Luba,_Abra",Mun,Abra,CAR
14,Malibcong,/wiki/Malibcong,Mun,Abra,CAR
15,Manabo,/wiki/Manabo,Mun,Abra,CAR
16,Peñarrubia,"/wiki/Pe%C3%B1arrubia,_Abra",Mun,Abra,CAR
17,Pidigan,/wiki/Pidigan,Mun,Abra,CAR
18,Pilar,"/wiki/Pilar,_Abra",Mun,Abra,CAR
19,Sallapadan,/wiki/Sallapadan,Mun,Abra,CAR
20,San Isidro,"/wiki/San_Isidro,_Abra",Mun,Abra,CAR
21,San Juan,"/wiki/San_Juan,_Abra",Mun,Abra,CAR
22,San Quintin,"/wiki/San_Quintin,_Abra",Mun,Abra,CAR
23,Tayum,/wiki/Tayum,Mun,Abra,CAR
24,Tineg,/wiki/Tineg,Mun,Abra,CAR
25,Tubo,"/wiki/Tubo,_Abra",Mun,Abra,CAR
26,Villaviciosa,"/wiki/Villaviciosa,_Abra",Mun,Abra,CAR
27,Buenavista,"/wiki/Buenavista,_Agusan_del_Norte",Mun,Agusan del Norte,XIII
28,Butuan,/wiki/Butuan,HUC,Agusan del Norte,XIII
29,Cabadbaran,/wiki/Cabadbaran,CC,Agusan del Norte,XIII
30,Carmen,"/wiki/Carmen,_Agusan_del_Norte",Mun,Agusan del Norte,XIII
31,Jabonga,/wiki/Jabonga,Mun,Agusan del Norte,XIII
32,Kitcharao,/wiki/Kitcharao,Mun,Agusan del Norte,XIII
33,Las Nieves,"/wiki/Las_Nieves,_Agusan_del_Norte",Mun,Agusan del Norte,XIII
34,Magallanes,"/wiki/Magallanes,_Agusan_del_Norte",Mun,Agusan del Norte,XIII
35,Nasipit,/wiki/Nasipit,Mun,Agusan del Norte,XIII
36,Remedios T. Romualdez,/wiki/Remedios_T._Romualdez,Mun,Agusan del Norte,XIII
37,Santiago,"/wiki/Santiago,_Agusan_del_Norte",Mun,Agusan del Norte,XIII
38,Tubay,/wiki/Tubay,Mun,Agusan del Norte,XIII
39,Bayugan,/wiki/Bayugan,CC,Agusan del Sur,XIII
40,Bunawan,/wiki/Bunawan,Mun,Agusan del Sur,XIII
41,Esperanza,"/wiki/Esperanza,_Agusan_del_Sur",Mun,Agusan del Sur,XIII
42,La Paz,"/wiki/La_Paz,_Agusan_del_Sur",Mun,Agusan del Sur,XIII
43,Loreto,"/wiki/Loreto,_Agusan_del_Sur",Mun,Agusan del Sur,XIII
44,Prosperidad,/wiki/Prosperidad,Mun,Agusan del Sur,XIII
45,Rosario,"/wiki/Rosario,_Agusan_del_Sur",Mun,Agusan del Sur,XIII
46,San Francisco,"/wiki/San_Francisco,_Agusan_del_Sur",Mun,Agusan del Sur,XIII
47,San Luis,"/wiki/San_Luis,_Agusan_del_Sur",Mun,Agusan del Sur,XIII
48,Santa Josefa,/wiki/Santa_Josefa,Mun,Agusan del Sur,XIII
49,Sibagat,/wiki/Sibagat,Mun,Agusan del Sur,XIII
50,Talacogon,/wiki/Talacogon,Mun,Agusan del Sur,XIII
51,Trento,"/wiki/Trento,_Agusan_del_Sur",Mun,Agusan del Sur,XIII
52,Veruela,/wiki/Veruela,Mun,Agusan del Sur,XIII
53,Altavas,/wiki/Altavas,Mun,Aklan,VI
54,Balete,"/wiki/Balete,_Aklan",Mun,Aklan,VI
55,Banga,"/wiki/Banga,_Aklan",Mun,Aklan,VI
56,Batan,"/wiki/Batan,_Aklan",Mun,Aklan,VI
57,Buruanga,/wiki/Buruanga,Mun,Aklan,VI
58,Ibajay,/wiki/Ibajay,Mun,Aklan,VI
59,Kalibo,/wiki/Kalibo,Mun,Aklan,VI
60,Lezo,"/wiki/Lezo,_Aklan",Mun,Aklan,VI
61,Libacao,/wiki/Libacao,Mun,Aklan,VI
62,Madalag,/wiki/Madalag,Mun,Aklan,VI
63,Makato,/wiki/Makato,Mun,Aklan,VI
64,Malay,"/wiki/Malay,_Aklan",Mun,Aklan,VI
65,Malinao,"/wiki/Malinao,_Aklan",Mun,Aklan,VI
66,Nabas,"/wiki/Nabas,_Aklan",Mun,Aklan,VI
67,New Washington,"/wiki/New_Washington,_Aklan",Mun,Aklan,VI
68,Numancia,"/wiki/Numancia,_Aklan",Mun,Aklan,VI
69,Tangalan,/wiki/Tangalan,Mun,Aklan,VI
70,Bacacay,/wiki/Bacacay,Mun,Albay,V
71,Camalig,/wiki/Camalig,Mun,Albay,V
72,Daraga,/wiki/Daraga,Mun,Albay,V
73,Guinobatan,/wiki/Guinobatan,Mun,Albay,V
74,Jovellar,/wiki/Jovellar,Mun,Albay,V
75,Legazpi,"/wiki/Legazpi,_Albay",CC,Albay,V
76,Libon,"/wiki/Libon,_Albay",Mun,Albay,V
77,Ligao,/wiki/Ligao,CC,Albay,V
78,Malilipot,/wiki/Malilipot,Mun,Albay,V
79,Malinao,"/wiki/Malinao,_Albay",Mun,Albay,V
80,Manito,"/wiki/Manito,_Albay",Mun,Albay,V
81,Oas,"/wiki/Oas,_Albay",Mun,Albay,V
82,Pio Duran,/wiki/Pio_Duran,Mun,Albay,V
83,Polangui,/wiki/Polangui,Mun,Albay,V
84,Rapu-Rapu,/wiki/Rapu-Rapu,Mun,Albay,V
85,Santo Domingo,"/wiki/Santo_Domingo,_Albay",Mun,Albay,V
86,Tabaco,/wiki/Tabaco,CC,Albay,V
87,Tiwi,"/wiki/Tiwi,_Albay",Mun,Albay,V
88,Anini-y,/wiki/Anini-y,Mun,Antique,VI
89,Barbaza,/wiki/Barbaza,Mun,Antique,VI
90,Belison,/wiki/Belison,Mun,Antique,VI
91,Bugasong,/wiki/Bugasong,Mun,Antique,VI
92,Caluya,/wiki/Caluya,Mun,Antique,VI
93,Culasi,/wiki/Culasi,Mun,Antique,VI
94,Hamtic,/wiki/Hamtic,Mun,Antique,VI
95,Laua-an,/wiki/Laua-an,Mun,Antique,VI
96,Libertad,"/wiki/Libertad,_Antique",Mun,Antique,VI
97,Pandan,"/wiki/Pandan,_Antique",Mun,Antique,VI
98,Patnongon,/wiki/Patnongon,Mun,Antique,VI
99,San Jose de Buenavista,/wiki/San_Jose_de_Buenavista,Mun,Antique,VI
100,San Remigio,"/wiki/San_Remigio,_Antique",Mun,Antique,VI
101,Sebaste,"/wiki/Sebaste,_Antique",Mun,Antique,VI
102,Sibalom,/wiki/Sibalom,Mun,Antique,VI
103,Tibiao,/wiki/Tibiao,Mun,Antique,VI
104,Tobias Fornier,/wiki/Tobias_Fornier,Mun,Antique,VI
105,Valderrama,"/wiki/Valderrama,_Antique",Mun,Antique,VI
106,Calanasan,/wiki/Calanasan,Mun,Apayao,CAR
107,Conner,"/wiki/Conner,_Apayao",Mun,Apayao,CAR
108,Flora,"/wiki/Flora,_Apayao",Mun,Apayao,CAR
109,Kabugao,/wiki/Kabugao,Mun,Apayao,CAR
110,Luna,"/wiki/Luna,_Apayao",Mun,Apayao,CAR
111,Pudtol,/wiki/Pudtol,Mun,Apayao,CAR
112,Santa Marcela,"/wiki/Santa_Marcela,_Apayao",Mun,Apayao,CAR
113,Baler,"/wiki/Baler,_Aurora",Mun,Aurora,III
114,Casiguran,"/wiki/Casiguran,_Aurora",Mun,Aurora,III
115,Dilasag,/wiki/Dilasag,Mun,Aurora,III
116,Dinalungan,/wiki/Dinalungan,Mun,Aurora,III
117,Dingalan,/wiki/Dingalan,Mun,Aurora,III
118,Dipaculao,/wiki/Dipaculao,Mun,Aurora,III
119,Maria Aurora,"/wiki/Maria_Aurora,_Aurora",Mun,Aurora,III
120,San Luis,"/wiki/San_Luis,_Aurora",Mun,Aurora,III
121,Akbar,"/wiki/Akbar,_Basilan",Mun,Basilan,BARMM
122,Al-Barka,/wiki/Al-Barka,Mun,Basilan,BARMM
123,Hadji Mohammad Ajul,/wiki/Hadji_Mohammad_Ajul,Mun,Basilan,BARMM
124,Hadji Muhtamad,/wiki/Hadji_Muhtamad,Mun,Basilan,BARMM
125,Isabela,"/wiki/Isabela,_Basilan",CC,Basilan,BARMM
126,Lamitan,/wiki/Lamitan,CC,Basilan,BARMM
127,Lantawan,/wiki/Lantawan,Mun,Basilan,BARMM
128,Maluso,/wiki/Maluso,Mun,Basilan,BARMM
129,Sumisip,/wiki/Sumisip,Mun,Basilan,BARMM
130,Tabuan-Lasa,/wiki/Tabuan-Lasa,Mun,Basilan,BARMM
131,Tipo-Tipo,/wiki/Tipo-Tipo,Mun,Basilan,BARMM
132,Tuburan,"/wiki/Tuburan,_Basilan",Mun,Basilan,BARMM
133,Ungkaya Pukan,/wiki/Ungkaya_Pukan,Mun,Basilan,BARMM
134,Abucay,/wiki/Abucay,Mun,Bataan,III
135,Bagac,/wiki/Bagac,Mun,Bataan,III
136,Balanga,"/wiki/Balanga,_Bataan",CC,Bataan,III
137,Dinalupihan,/wiki/Dinalupihan,Mun,Bataan,III
138,Hermosa,"/wiki/Hermosa,_Bataan",Mun,Bataan,III
139,Limay,/wiki/Limay,Mun,Bataan,III
140,Mariveles,/wiki/Mariveles,Mun,Bataan,III
141,Morong,"/wiki/Morong,_Bataan",Mun,Bataan,III
142,Orani,/wiki/Orani,Mun,Bataan,III
143,Orion,"/wiki/Orion,_Bataan",Mun,Bataan,III
144,Pilar,"/wiki/Pilar,_Bataan",Mun,Bataan,III
145,Samal,"/wiki/Samal,_Bataan",Mun,Bataan,III
146,Basco,"/wiki/Basco,_Batanes",Mun,Batanes,II
147,Itbayat,/wiki/Itbayat,Mun,Batanes,II
148,Ivana,"/wiki/Ivana,_Batanes",Mun,Batanes,II
149,Mahatao,/wiki/Mahatao,Mun,Batanes,II
150,Sabtang,/wiki/Sabtang,Mun,Batanes,II
151,Uyugan,/wiki/Uyugan,Mun,Batanes,II
152,Agoncillo,"/wiki/Agoncillo,_Batangas",Mun,Batangas,IV-A
153,Alitagtag,/wiki/Alitagtag,Mun,Batangas,IV-A
154,Balayan,/wiki/Balayan,Mun,Batangas,IV-A
155,Balete,"/wiki/Balete,_Batangas",Mun,Batangas,IV-A
156,Batangas City,/wiki/Batangas_City,CC,Batangas,IV-A
157,Bauan,/wiki/Bauan,Mun,Batangas,IV-A
158,Calaca,"/wiki/Calaca,_Batangas",CC,Batangas,IV-A
159,Calatagan,/wiki/Calatagan,Mun,Batangas,IV-A
160,Cuenca,"/wiki/Cuenca,_Batangas",Mun,Batangas,IV-A
161,Ibaan,/wiki/Ibaan,Mun,Batangas,IV-A
162,Laurel,"/wiki/Laurel,_Batangas",Mun,Batangas,IV-A
163,Lemery,"/wiki/Lemery,_Batangas",Mun,Batangas,IV-A
164,Lian,"/wiki/Lian,_Batangas",Mun,Batangas,IV-A
165,Lipa,"/wiki/Lipa,_Batangas",CC,Batangas,IV-A
166,Lobo,"/wiki/Lobo,_Batangas",Mun,Batangas,IV-A
167,Mabini,"/wiki/Mabini,_Batangas",Mun,Batangas,IV-A
168,Malvar,/wiki/Malvar,Mun,Batangas,IV-A
169,Mataasnakahoy,/wiki/Mataasnakahoy,Mun,Batangas,IV-A
170,Nasugbu,/wiki/Nasugbu,Mun,Batangas,IV-A
171,Padre Garcia,/wiki/Padre_Garcia,Mun,Batangas,IV-A
172,Rosario,"/wiki/Rosario,_Batangas",Mun,Batangas,IV-A
173,San Jose,"/wiki/San_Jose,_Batangas",Mun,Batangas,IV-A
174,San Juan,"/wiki/San_Juan,_Batangas",Mun,Batangas,IV-A
175,San Luis,"/wiki/San_Luis,_Batangas",Mun,Batangas,IV-A
176,San Nicolas,"/wiki/San_Nicolas,_Batangas",Mun,Batangas,IV-A
177,San Pascual,"/wiki/San_Pascual,_Batangas",Mun,Batangas,IV-A
178,Santa Teresita,"/wiki/Santa_Teresita,_Batangas",Mun,Batangas,IV-A
179,Santo Tomas,"/wiki/Santo_Tomas,_Batangas",CC,Batangas,IV-A
180,Taal,"/wiki/Taal,_Batangas",Mun,Batangas,IV-A
181,Talisay,"/wiki/Talisay,_Batangas",Mun,Batangas,IV-A
182,Tanauan,"/wiki/Tanauan,_Batangas",CC,Batangas,IV-A
183,Taysan,/wiki/Taysan,Mun,Batangas,IV-A
184,Tingloy,/wiki/Tingloy,Mun,Batangas,IV-A
185,Tuy,"/wiki/Tuy,_Batangas",Mun,Batangas,IV-A
186,Atok,"/wiki/Atok,_Benguet",Mun,Benguet,CAR
187,Baguio,/wiki/Baguio,HUC,Benguet,CAR
188,Bakun,"/wiki/Bakun,_Benguet",Mun,Benguet,CAR
189,Bokod,"/wiki/Bokod,_Benguet",Mun,Benguet,CAR
190,Buguias,/wiki/Buguias,Mun,Benguet,CAR
191,Itogon,/wiki/Itogon,Mun,Benguet,CAR
192,Kabayan,"/wiki/Kabayan,_Benguet",Mun,Benguet,CAR
193,Kapangan,/wiki/Kapangan,Mun,Benguet,CAR
194,Kibungan,/wiki/Kibungan,Mun,Benguet,CAR
195,La Trinidad,"/wiki/La_Trinidad,_Benguet",Mun,Benguet,CAR
196,Mankayan,/wiki/Mankayan,Mun,Benguet,CAR
197,Sablan,"/wiki/Sablan,_Benguet",Mun,Benguet,CAR
198,Tuba,"/wiki/Tuba,_Benguet",Mun,Benguet,CAR
199,Tublay,/wiki/Tublay,Mun,Benguet,CAR
200,Almeria,"/wiki/Almeria,_Biliran",Mun,Biliran,VIII
201,Biliran,"/wiki/Biliran,_Biliran",Mun,Biliran,VIII
202,Cabucgayan,/wiki/Cabucgayan,Mun,Biliran,VIII
203,Caibiran,/wiki/Caibiran,Mun,Biliran,VIII
204,Culaba,/wiki/Culaba,Mun,Biliran,VIII
205,Kawayan,/wiki/Kawayan,Mun,Biliran,VIII
206,Maripipi,/wiki/Maripipi,Mun,Biliran,VIII
207,Naval,"/wiki/Naval,_Biliran",Mun,Biliran,VIII
208,Alburquerque,"/wiki/Alburquerque,_Bohol",Mun,Bohol,VII
209,Alicia,"/wiki/Alicia,_Bohol",Mun,Bohol,VII
210,Anda,"/wiki/Anda,_Bohol",Mun,Bohol,VII
211,Antequera,"/wiki/Antequera,_Bohol",Mun,Bohol,VII
212,Baclayon,/wiki/Baclayon,Mun,Bohol,VII
213,Balilihan,/wiki/Balilihan,Mun,Bohol,VII
214,Batuan,"/wiki/Batuan,_Bohol",Mun,Bohol,VII
215,Bien Unido,/wiki/Bien_Unido,Mun,Bohol,VII
216,Bilar,"/wiki/Bilar,_Bohol",Mun,Bohol,VII
217,Buenavista,"/wiki/Buenavista,_Bohol",Mun,Bohol,VII
218,Calape,/wiki/Calape,Mun,Bohol,VII
219,Candijay,/wiki/Candijay,Mun,Bohol,VII
220,Carmen,"/wiki/Carmen,_Bohol",Mun,Bohol,VII
221,Catigbian,/wiki/Catigbian,Mun,Bohol,VII
222,Clarin,"/wiki/Clarin,_Bohol",Mun,Bohol,VII
223,Corella,"/wiki/Corella,_Bohol",Mun,Bohol,VII
224,Cortes,"/wiki/Cortes,_Bohol",Mun,Bohol,VII
225,Dagohoy,"/wiki/Dagohoy,_Bohol",Mun,Bohol,VII
226,Danao,"/wiki/Danao,_Bohol",Mun,Bohol,VII
227,Dauis,/wiki/Dauis,Mun,Bohol,VII
228,Dimiao,/wiki/Dimiao,Mun,Bohol,VII
229,Duero,"/wiki/Duero,_Bohol",Mun,Bohol,VII
230,Garcia Hernandez,/wiki/Garcia_Hernandez,Mun,Bohol,VII
231,Getafe,"/wiki/Getafe,_Bohol",Mun,Bohol,VII
232,Guindulman,/wiki/Guindulman,Mun,Bohol,VII
233,Inabanga,/wiki/Inabanga,Mun,Bohol,VII
234,Jagna,/wiki/Jagna,Mun,Bohol,VII
235,Lila,"/wiki/Lila,_Bohol",Mun,Bohol,VII
236,Loay,"/wiki/Loay,_Bohol",Mun,Bohol,VII
237,Loboc,/wiki/Loboc,Mun,Bohol,VII
238,Loon,"/wiki/Loon,_Bohol",Mun,Bohol,VII
239,Mabini,"/wiki/Mabini,_Bohol",Mun,Bohol,VII
240,Maribojoc,/wiki/Maribojoc,Mun,Bohol,VII
241,Panglao,"/wiki/Panglao,_Bohol",Mun,Bohol,VII
242,Pilar,"/wiki/Pilar,_Bohol",Mun,Bohol,VII
243,President Carlos P. Garcia,"/wiki/President_Carlos_P._Garcia,_Bohol",Mun,Bohol,VII
244,Sagbayan,/wiki/Sagbayan,Mun,Bohol,VII
245,San Isidro,"/wiki/San_Isidro,_Bohol",Mun,Bohol,VII
246,San Miguel,"/wiki/San_Miguel,_Bohol",Mun,Bohol,VII
247,Sevilla,"/wiki/Sevilla,_Bohol",Mun,Bohol,VII
248,Sierra Bullones,/wiki/Sierra_Bullones,Mun,Bohol,VII
249,Sikatuna,"/wiki/Sikatuna,_Bohol",Mun,Bohol,VII
250,Tagbilaran,/wiki/Tagbilaran,CC,Bohol,VII
251,Talibon,/wiki/Talibon,Mun,Bohol,VII
252,Trinidad,"/wiki/Trinidad,_Bohol",Mun,Bohol,VII
253,Tubigon,/wiki/Tubigon,Mun,Bohol,VII
254,Ubay,"/wiki/Ubay,_Bohol",Mun,Bohol,VII
255,Valencia,"/wiki/Valencia,_Bohol",Mun,Bohol,VII
256,Baungon,/wiki/Baungon,Mun,Bukidnon,X
257,Cabanglasan,/wiki/Cabanglasan,Mun,Bukidnon,X
258,Damulog,/wiki/Damulog,Mun,Bukidnon,X
259,Dangcagan,/wiki/Dangcagan,Mun,Bukidnon,X
260,Don Carlos,"/wiki/Don_Carlos,_Bukidnon",Mun,Bukidnon,X
261,Impasugong,/wiki/Impasugong,Mun,Bukidnon,X
262,Kadingilan,/wiki/Kadingilan,Mun,Bukidnon,X
263,Kalilangan,/wiki/Kalilangan,Mun,Bukidnon,X
264,Kibawe,/wiki/Kibawe,Mun,Bukidnon,X
265,Kitaotao,/wiki/Kitaotao,Mun,Bukidnon,X
266,Lantapan,/wiki/Lantapan,Mun,Bukidnon,X
267,Libona,/wiki/Libona,Mun,Bukidnon,X
268,Malaybalay,/wiki/Malaybalay,CC,Bukidnon,X
269,Malitbog,"/wiki/Malitbog,_Bukidnon",Mun,Bukidnon,X
270,Manolo Fortich,/wiki/Manolo_Fortich,Mun,Bukidnon,X
271,Maramag,/wiki/Maramag,Mun,Bukidnon,X
272,Pangantucan,/wiki/Pangantucan,Mun,Bukidnon,X
273,Quezon,"/wiki/Quezon,_Bukidnon",Mun,Bukidnon,X
274,San Fernando,"/wiki/San_Fernando,_Bukidnon",Mun,Bukidnon,X
275,Sumilao,/wiki/Sumilao,Mun,Bukidnon,X
276,Talakag,/wiki/Talakag,Mun,Bukidnon,X
277,Valencia,"/wiki/Valencia,_Bukidnon",CC,Bukidnon,X
278,Angat,"/wiki/Angat,_Bulacan",Mun,Bulacan,III
279,Balagtas,"/wiki/Balagtas,_Bulacan",Mun,Bulacan,III
280,Baliwag,/wiki/Baliwag,CC,Bulacan,III
281,Bocaue,/wiki/Bocaue,Mun,Bulacan,III
282,Bulakan,"/wiki/Bulakan,_Bulacan",Mun,Bulacan,III
283,Bustos,"/wiki/Bustos,_Bulacan",Mun,Bulacan,III
284,Calumpit,/wiki/Calumpit,Mun,Bulacan,III
285,Doña Remedios Trinidad,/wiki/Do%C3%B1a_Remedios_Trinidad,Mun,Bulacan,III
286,Guiguinto,/wiki/Guiguinto,Mun,Bulacan,III
287,Hagonoy,"/wiki/Hagonoy,_Bulacan",Mun,Bulacan,III
288,Malolos,/wiki/Malolos,CC,Bulacan,III
289,Marilao,/wiki/Marilao,Mun,Bulacan,III
290,Meycauayan,/wiki/Meycauayan,CC,Bulacan,III
291,Norzagaray,/wiki/Norzagaray,Mun,Bulacan,III
292,Obando,"/wiki/Obando,_Bulacan",Mun,Bulacan,III
293,Pandi,"/wiki/Pandi,_Bulacan",Mun,Bulacan,III
294,Paombong,/wiki/Paombong,Mun,Bulacan,III
295,Plaridel,"/wiki/Plaridel,_Bulacan",Mun,Bulacan,III
296,Pulilan,/wiki/Pulilan,Mun,Bulacan,III
297,San Ildefonso,"/wiki/San_Ildefonso,_Bulacan",Mun,Bulacan,III
298,San Jose del Monte,/wiki/San_Jose_del_Monte,CC,Bulacan,III
299,San Miguel,"/wiki/San_Miguel,_Bulacan",Mun,Bulacan,III
300,San Rafael,"/wiki/San_Rafael,_Bulacan",Mun,Bulacan,III
301,Santa Maria,"/wiki/Santa_Maria,_Bulacan",Mun,Bulacan,III
302,Abulug,/wiki/Abulug,Mun,Cagayan,II
303,Alcala,"/wiki/Alcala,_Cagayan",Mun,Cagayan,II
304,Allacapan,/wiki/Allacapan,Mun,Cagayan,II
305,Amulung,/wiki/Amulung,Mun,Cagayan,II
306,Aparri,/wiki/Aparri,Mun,Cagayan,II
307,Baggao,/wiki/Baggao,Mun,Cagayan,II
308,Ballesteros,"/wiki/Ballesteros,_Cagayan",Mun,Cagayan,II
309,Buguey,/wiki/Buguey,Mun,Cagayan,II
310,Calayan,"/wiki/Calayan,_Cagayan",Mun,Cagayan,II
311,Camalaniugan,/wiki/Camalaniugan,Mun,Cagayan,II
312,Claveria,"/wiki/Claveria,_Cagayan",Mun,Cagayan,II
313,Enrile,"/wiki/Enrile,_Cagayan",Mun,Cagayan,II
314,Gattaran,/wiki/Gattaran,Mun,Cagayan,II
315,Gonzaga,"/wiki/Gonzaga,_Cagayan",Mun,Cagayan,II
316,Iguig,/wiki/Iguig,Mun,Cagayan,II
317,Lal-lo,/wiki/Lal-lo,Mun,Cagayan,II
318,Lasam,/wiki/Lasam,Mun,Cagayan,II
319,Pamplona,"/wiki/Pamplona,_Cagayan",Mun,Cagayan,II
320,Peñablanca,/wiki/Pe%C3%B1ablanca,Mun,Cagayan,II
321,Piat,"/wiki/Piat,_Cagayan",Mun,Cagayan,II
322,Rizal,"/wiki/Rizal,_Cagayan",Mun,Cagayan,II
323,Sanchez-Mira,/wiki/Sanchez-Mira,Mun,Cagayan,II
324,Santa Ana,"/wiki/Santa_Ana,_Cagayan",Mun,Cagayan,II
325,Santa Praxedes,"/wiki/Santa_Praxedes,_Cagayan",Mun,Cagayan,II
326,Santa Teresita,"/wiki/Santa_Teresita,_Cagayan",Mun,Cagayan,II
327,Santo Niño,"/wiki/Santo_Ni%C3%B1o,_Cagayan",Mun,Cagayan,II
328,Solana,"/wiki/Solana,_Cagayan",Mun,Cagayan,II
329,Tuao,/wiki/Tuao,Mun,Cagayan,II
330,Tuguegarao,/wiki/Tuguegarao,CC,Cagayan,II
331,Basud,/wiki/Basud,Mun,Camarines Norte,V
332,Capalonga,/wiki/Capalonga,Mun,Camarines Norte,V
333,Daet,/wiki/Daet,Mun,Camarines Norte,V
334,Jose Panganiban,"/wiki/Jose_Panganiban,_Camarines_Norte",Mun,Camarines Norte,V
335,Labo,"/wiki/Labo,_Camarines_Norte",Mun,Camarines Norte,V
336,Mercedes,"/wiki/Mercedes,_Camarines_Norte",Mun,Camarines Norte,V
337,Paracale,/wiki/Paracale,Mun,Camarines Norte,V
338,San Lorenzo Ruiz,"/wiki/San_Lorenzo_Ruiz,_Camarines_Norte",Mun,Camarines Norte,V
339,San Vicente,"/wiki/San_Vicente,_Camarines_Norte",Mun,Camarines Norte,V
340,Santa Elena,"/wiki/Santa_Elena,_Camarines_Norte",Mun,Camarines Norte,V
341,Talisay,"/wiki/Talisay,_Camarines_Norte",Mun,Camarines Norte,V
342,Vinzons,/wiki/Vinzons,Mun,Camarines Norte,V
343,Baao,/wiki/Baao,Mun,Camarines Sur,V
344,Balatan,/wiki/Balatan,Mun,Camarines Sur,V
345,Bato,"/wiki/Bato,_Camarines_Sur",Mun,Camarines Sur,V
346,Bombon,"/wiki/Bombon,_Camarines_Sur",Mun,Camarines Sur,V
347,Buhi,"/wiki/Buhi,_Camarines_Sur",Mun,Camarines Sur,V
348,Bula,"/wiki/Bula,_Camarines_Sur",Mun,Camarines Sur,V
349,Cabusao,/wiki/Cabusao,Mun,Camarines Sur,V
350,Calabanga,/wiki/Calabanga,Mun,Camarines Sur,V
351,Camaligan,/wiki/Camaligan,Mun,Camarines Sur,V
352,Canaman,/wiki/Canaman,Mun,Camarines Sur,V
353,Caramoan,/wiki/Caramoan,Mun,Camarines Sur,V
354,Del Gallego,/wiki/Del_Gallego,Mun,Camarines Sur,V
355,Gainza,/wiki/Gainza,Mun,Camarines Sur,V
356,Garchitorena,/wiki/Garchitorena,Mun,Camarines Sur,V
357,Goa,"/wiki/Goa,_Camarines_Sur",Mun,Camarines Sur,V
358,Iriga,/wiki/Iriga,CC,Camarines Sur,V
359,Lagonoy,/wiki/Lagonoy,Mun,Camarines Sur,V
360,Libmanan,/wiki/Libmanan,Mun,Camarines Sur,V
361,Lupi,"/wiki/Lupi,_Camarines_Sur",Mun,Camarines Sur,V
362,Magarao,/wiki/Magarao,Mun,Camarines Sur,V
363,Milaor,/wiki/Milaor,Mun,Camarines Sur,V
364,Minalabac,/wiki/Minalabac,Mun,Camarines Sur,V
365,Nabua,/wiki/Nabua,Mun,Camarines Sur,V
366,Naga,"/wiki/Naga,_Camarines_Sur",ICC,Camarines Sur,V
367,Ocampo,"/wiki/Ocampo,_Camarines_Sur",Mun,Camarines Sur,V
368,Pamplona,"/wiki/Pamplona,_Camarines_Sur",Mun,Camarines Sur,V
369,Pasacao,/wiki/Pasacao,Mun,Camarines Sur,V
370,Pili,"/wiki/Pili,_Camarines_Sur",Mun,Camarines Sur,V
371,Presentacion,/wiki/Presentacion,Mun,Camarines Sur,V
372,Ragay,/wiki/Ragay,Mun,Camarines Sur,V
373,Sagñay,/wiki/Sag%C3%B1ay,Mun,Camarines Sur,V
374,San Fernando,"/wiki/San_Fernando,_Camarines_Sur",Mun,Camarines Sur,V
375,San Jose,"/wiki/San_Jose,_Camarines_Sur",Mun,Camarines Sur,V
376,Sipocot,/wiki/Sipocot,Mun,Camarines Sur,V
377,Siruma,/wiki/Siruma,Mun,Camarines Sur,V
378,Tigaon,"/wiki/Tigaon,_Camarines_Sur",Mun,Camarines Sur,V
379,Tinambac,/wiki/Tinambac,Mun,Camarines Sur,V
380,Catarman,"/wiki/Catarman,_Camiguin",Mun,Camiguin,X
381,Guinsiliban,/wiki/Guinsiliban,Mun,Camiguin,X
382,Mahinog,/wiki/Mahinog,Mun,Camiguin,X
383,Mambajao,/wiki/Mambajao,Mun,Camiguin,X
384,Sagay,"/wiki/Sagay,_Camiguin",Mun,Camiguin,X
385,Cuartero,/wiki/Cuartero,Mun,Capiz,VI
386,Dao,"/wiki/Dao,_Capiz",Mun,Capiz,VI
387,Dumalag,/wiki/Dumalag,Mun,Capiz,VI
388,Dumarao,/wiki/Dumarao,Mun,Capiz,VI
389,Ivisan,/wiki/Ivisan,Mun,Capiz,VI
390,Jamindan,/wiki/Jamindan,Mun,Capiz,VI
391,Ma-ayon,/wiki/Ma-ayon,Mun,Capiz,VI
392,Mambusao,/wiki/Mambusao,Mun,Capiz,VI
393,Panay,"/wiki/Panay,_Capiz",Mun,Capiz,VI
394,Panitan,/wiki/Panitan,Mun,Capiz,VI
395,Pilar,"/wiki/Pilar,_Capiz",Mun,Capiz,VI
396,Pontevedra,"/wiki/Pontevedra,_Capiz",Mun,Capiz,VI
397,President Roxas,"/wiki/President_Roxas,_Capiz",Mun,Capiz,VI
398,Roxas,"/wiki/Roxas,_Capiz",CC,Capiz,VI
399,Sapian,/wiki/Sapian,Mun,Capiz,VI
400,Sigma,"/wiki/Sigma,_Capiz",Mun,Capiz,VI
401,Tapaz,/wiki/Tapaz,Mun,Capiz,VI
402,Bagamanoc,/wiki/Bagamanoc,Mun,Catanduanes,V
403,Baras,"/wiki/Baras,_Catanduanes",Mun,Catanduanes,V
404,Bato,"/wiki/Bato,_Catanduanes",Mun,Catanduanes,V
405,Caramoran,/wiki/Caramoran,Mun,Catanduanes,V
406,Gigmoto,/wiki/Gigmoto,Mun,Catanduanes,V
407,Pandan,"/wiki/Pandan,_Catanduanes",Mun,Catanduanes,V
408,Panganiban,"/wiki/Panganiban,_Catanduanes",Mun,Catanduanes,V
409,San Andres,"/wiki/San_Andres,_Catanduanes",Mun,Catanduanes,V
410,San Miguel,"/wiki/San_Miguel,_Catanduanes",Mun,Catanduanes,V
411,Viga,"/wiki/Viga,_Catanduanes",Mun,Catanduanes,V
412,Virac,"/wiki/Virac,_Catanduanes",Mun,Catanduanes,V
413,Alfonso,"/wiki/Alfonso,_Cavite",Mun,Cavite,IV-A
414,Amadeo,"/wiki/Amadeo,_Cavite",Mun,Cavite,IV-A
415,Bacoor,/wiki/Bacoor,CC,Cavite,IV-A
416,Carmona,"/wiki/Carmona,_Cavite",CC,Cavite,IV-A
417,Cavite City,/wiki/Cavite_City,CC,Cavite,IV-A
418,Dasmariñas,/wiki/Dasmari%C3%B1as,CC,Cavite,IV-A
419,General Emilio Aguinaldo,"/wiki/General_Emilio_Aguinaldo,_Cavite",Mun,Cavite,IV-A
420,General Mariano Alvarez,/wiki/General_Mariano_Alvarez,Mun,Cavite,IV-A
421,General Trias,/wiki/General_Trias,CC,Cavite,IV-A
422,Imus,/wiki/Imus,CC,Cavite,IV-A
423,Indang,/wiki/Indang,Mun,Cavite,IV-A
424,Kawit,/wiki/Kawit,Mun,Cavite,IV-A
425,Magallanes,"/wiki/Magallanes,_Cavite",Mun,Cavite,IV-A
426,Maragondon,/wiki/Maragondon,Mun,Cavite,IV-A
427,Mendez,"/wiki/Mendez,_Cavite",Mun,Cavite,IV-A
428,Naic,/wiki/Naic,Mun,Cavite,IV-A
429,Noveleta,/wiki/Noveleta,Mun,Cavite,IV-A
430,Rosario,"/wiki/Rosario,_Cavite",Mun,Cavite,IV-A
431,Silang,"/wiki/Silang,_Cavite",Mun,Cavite,IV-A
432,Tagaytay,/wiki/Tagaytay,CC,Cavite,IV-A
433,Tanza,/wiki/Tanza,Mun,Cavite,IV-A
434,Ternate,"/wiki/Ternate,_Cavite",Mun,Cavite,IV-A
435,Trece Martires,/wiki/Trece_Martires,CC,Cavite,IV-A
436,Alcantara,"/wiki/Alcantara,_Cebu",Mun,Cebu,VII
437,Alcoy,"/wiki/Alcoy,_Cebu",Mun,Cebu,VII
438,Alegria,"/wiki/Alegria,_Cebu",Mun,Cebu,VII
439,Aloguinsan,/wiki/Aloguinsan,Mun,Cebu,VII
440,Argao,/wiki/Argao,Mun,Cebu,VII
441,Asturias,"/wiki/Asturias,_Cebu",Mun,Cebu,VII
442,Badian,"/wiki/Badian,_Cebu",Mun,Cebu,VII
443,Balamban,/wiki/Balamban,Mun,Cebu,VII
444,Bantayan,"/wiki/Bantayan,_Cebu",Mun,Cebu,VII
445,Barili,/wiki/Barili,Mun,Cebu,VII
446,Bogo,"/wiki/Bogo,_Cebu",CC,Cebu,VII
447,Boljoon,/wiki/Boljoon,Mun,Cebu,VII
448,Borbon,"/wiki/Borbon,_Cebu",Mun,Cebu,VII
449,Carcar,/wiki/Carcar,CC,Cebu,VII
450,Carmen,"/wiki/Carmen,_Cebu",Mun,Cebu,VII
451,Catmon,/wiki/Catmon,Mun,Cebu,VII
452,Cebu City,/wiki/Cebu_City,HUC,Cebu,VII
453,Compostela,"/wiki/Compostela,_Cebu",Mun,Cebu,VII
454,Consolacion,/wiki/Consolacion,Mun,Cebu,VII
455,Cordova,"/wiki/Cordova,_Cebu",Mun,Cebu,VII
456,Daanbantayan,/wiki/Daanbantayan,Mun,Cebu,VII
457,Dalaguete,/wiki/Dalaguete,Mun,Cebu,VII
458,Danao,"/wiki/Danao,_Cebu",CC,Cebu,VII
459,Dumanjug,/wiki/Dumanjug,Mun,Cebu,VII
460,Ginatilan,/wiki/Ginatilan,Mun,Cebu,VII
461,Lapu-Lapu,/wiki/Lapu-Lapu_City,HUC,Cebu,VII
462,Liloan,"/wiki/Liloan,_Cebu",Mun,Cebu,VII
463,Madridejos,"/wiki/Madridejos,_Cebu",Mun,Cebu,VII
464,Malabuyoc,/wiki/Malabuyoc,Mun,Cebu,VII
465,Mandaue,/wiki/Mandaue,HUC,Cebu,VII
466,Medellin,"/wiki/Medellin,_Cebu",Mun,Cebu,VII
467,Minglanilla,/wiki/Minglanilla,Mun,Cebu,VII
468,Moalboal,/wiki/Moalboal,Mun,Cebu,VII
469,Naga,"/wiki/Naga,_Cebu",CC,Cebu,VII
470,Oslob,/wiki/Oslob,Mun,Cebu,VII
471,Pilar,"/wiki/Pilar,_Cebu",Mun,Cebu,VII
472,Pinamungajan,/wiki/Pinamungajan,Mun,Cebu,VII
473,Poro,"/wiki/Poro,_Cebu",Mun,Cebu,VII
474,Ronda,"/wiki/Ronda,_Cebu",Mun,Cebu,VII
475,Samboan,/wiki/Samboan,Mun,Cebu,VII
476,San Fernando,"/wiki/San_Fernando,_Cebu",Mun,Cebu,VII
477,San Francisco,"/wiki/San_Francisco,_Cebu",Mun,Cebu,VII
478,San Remigio,"/wiki/San_Remigio,_Cebu",Mun,Cebu,VII
479,Santa Fe,"/wiki/Santa_Fe,_Cebu",Mun,Cebu,VII
480,Santander,"/wiki/Santander,_Cebu",Mun,Cebu,VII
481,Sibonga,/wiki/Sibonga,Mun,Cebu,VII
482,Sogod,"/wiki/Sogod,_Cebu",Mun,Cebu,VII
483,Tabogon,/wiki/Tabogon,Mun,Cebu,VII
484,Tabuelan,/wiki/Tabuelan,Mun,Cebu,VII
485,Talisay,"/wiki/Talisay,_Cebu",CC,Cebu,VII
486,Toledo,"/wiki/Toledo,_Cebu",CC,Cebu,VII
487,Tuburan,"/wiki/Tuburan,_Cebu",Mun,Cebu,VII
488,Tudela,"/wiki/Tudela,_Cebu",Mun,Cebu,VII
489,Alamada,/wiki/Alamada,Mun,Cotabato,XII
490,Aleosan,/wiki/Aleosan,Mun,Cotabato,XII
491,Antipas,"/wiki/Antipas,_Cotabato",Mun,Cotabato,XII
492,Arakan,"/wiki/Arakan,_Cotabato",Mun,Cotabato,XII
493,Banisilan,/wiki/Banisilan,Mun,Cotabato,XII
494,Carmen,"/wiki/Carmen,_Cotabato",Mun,Cotabato,XII
495,Kabacan,/wiki/Kabacan,Mun,Cotabato,XII
496,Kadayangan,/wiki/Kadayangan,Mun,Cotabato,XII
497,Kapalawan,/wiki/Kapalawan,Mun,Cotabato,XII
498,Kidapawan,/wiki/Kidapawan,CC,Cotabato,XII
499,Libungan,/wiki/Libungan,Mun,Cotabato,XII
500,Ligawasan,/wiki/Ligawasan,Mun,Cotabato,XII
501,M'lang,/wiki/M%27lang,Mun,Cotabato,XII
502,Magpet,/wiki/Magpet,Mun,Cotabato,XII
503,Makilala,/wiki/Makilala,Mun,Cotabato,XII
504,Malidegao,/wiki/Malidegao,Mun,Cotabato,XII
505,Matalam,/wiki/Matalam,Mun,Cotabato,XII
506,Midsayap,/wiki/Midsayap,Mun,Cotabato,XII
507,Nabalawag,/wiki/Nabalawag,Mun,Cotabato,XII
508,Old Kaabakan,/wiki/Old_Kaabakan,Mun,Cotabato,XII
509,Pahamuddin,/wiki/Pahamuddin,Mun,Cotabato,XII
510,Pigcawayan,/wiki/Pigcawayan,Mun,Cotabato,XII
511,Pikit,/wiki/Pikit,Mun,Cotabato,XII
512,President Roxas,"/wiki/President_Roxas,_Cotabato",Mun,Cotabato,XII
513,Tugunan,/wiki/Tugunan,Mun,Cotabato,XII
514,Tulunan,/wiki/Tulunan,Mun,Cotabato,XII
515,Compostela,"/wiki/Compostela,_Davao_de_Oro",Mun,Davao de Oro,XI
516,Laak,"/wiki/Laak,_Davao_de_Oro",Mun,Davao de Oro,XI
517,Mabini,"/wiki/Mabini,_Davao_de_Oro",Mun,Davao de Oro,XI
518,Maco,"/wiki/Maco,_Davao_de_Oro",Mun,Davao de Oro,XI
519,Maragusan,/wiki/Maragusan,Mun,Davao de Oro,XI
520,Mawab,/wiki/Mawab,Mun,Davao de Oro,XI
521,Monkayo,/wiki/Monkayo,Mun,Davao de Oro,XI
522,Montevista,/wiki/Montevista,Mun,Davao de Oro,XI
523,Nabunturan,/wiki/Nabunturan,Mun,Davao de Oro,XI
524,New Bataan,/wiki/New_Bataan,Mun,Davao de Oro,XI
525,Pantukan,/wiki/Pantukan,Mun,Davao de Oro,XI
526,Asuncion,"/wiki/Asuncion,_Davao_del_Norte",Mun,Davao del Norte,XI
527,Braulio E. Dujali,/wiki/Braulio_E._Dujali,Mun,Davao del Norte,XI
528,Carmen,"/wiki/Carmen,_Davao_del_Norte",Mun,Davao del Norte,XI
529,Kapalong,/wiki/Kapalong,Mun,Davao del Norte,XI
530,New Corella,/wiki/New_Corella,Mun,Davao del Norte,XI
531,Panabo,/wiki/Panabo,CC,Davao del Norte,XI
532,Samal,"/wiki/Samal,_Davao_del_Norte",CC,Davao del Norte,XI
533,San Isidro,"/wiki/San_Isidro,_Davao_del_Norte",Mun,Davao del Norte,XI
534,Santo Tomas,"/wiki/Santo_Tomas,_Davao_del_Norte",Mun,Davao del Norte,XI
535,Tagum,/wiki/Tagum,CC,Davao del Norte,XI
536,Talaingod,/wiki/Talaingod,Mun,Davao del Norte,XI
537,Bansalan,/wiki/Bansalan,Mun,Davao del Sur,XI
538,Davao City,/wiki/Davao_City,HUC,Davao del Sur,XI
539,Digos,/wiki/Digos,CC,Davao del Sur,XI
540,Hagonoy,"/wiki/Hagonoy,_Davao_del_Sur",Mun,Davao del Sur,XI
541,Kiblawan,/wiki/Kiblawan,Mun,Davao del Sur,XI
542,Magsaysay,"/wiki/Magsaysay,_Davao_del_Sur",Mun,Davao del Sur,XI
543,Malalag,/wiki/Malalag,Mun,Davao del Sur,XI
544,Matanao,/wiki/Matanao,Mun,Davao del Sur,XI
545,Padada,/wiki/Padada,Mun,Davao del Sur,XI
546,Santa Cruz,"/wiki/Santa_Cruz,_Davao_del_Sur",Mun,Davao del Sur,XI
547,Sulop,/wiki/Sulop,Mun,Davao del Sur,XI
548,Don Marcelino,/wiki/Don_Marcelino,Mun,Davao Occidental,XI
549,Jose Abad Santos,"/wiki/Jose_Abad_Santos,_Davao_Occidental",Mun,Davao Occidental,XI
550,Malita,/wiki/Malita,Mun,Davao Occidental,XI
551,Santa Maria,"/wiki/Santa_Maria,_Davao_Occidental",Mun,Davao Occidental,XI
552,Sarangani,"/wiki/Sarangani,_Davao_Occidental",Mun,Davao Occidental,XI
553,Baganga,/wiki/Baganga,Mun,Davao Oriental,XI
554,Banaybanay,/wiki/Banaybanay,Mun,Davao Oriental,XI
555,Boston,"/wiki/Boston,_Davao_Oriental",Mun,Davao Oriental,XI
556,Caraga,"/wiki/Caraga,_Davao_Oriental",Mun,Davao Oriental,XI
557,Cateel,/wiki/Cateel,Mun,Davao Oriental,XI
558,Governor Generoso,/wiki/Governor_Generoso,Mun,Davao Oriental,XI
559,Lupon,/wiki/Lupon,Mun,Davao Oriental,XI
560,Manay,"/wiki/Manay,_Davao_Oriental",Mun,Davao Oriental,XI
561,Mati,"/wiki/Mati,_Davao_Oriental",CC,Davao Oriental,XI
562,San Isidro,"/wiki/San_Isidro,_Davao_Oriental",Mun,Davao Oriental,XI
563,Tarragona,"/wiki/Tarragona,_Davao_Oriental",Mun,Davao Oriental,XI
564,Basilisa,/wiki/Basilisa,Mun,Dinagat Islands,XIII
565,Cagdianao,/wiki/Cagdianao,Mun,Dinagat Islands,XIII
566,Dinagat,"/wiki/Dinagat,_Dinagat_Islands",Mun,Dinagat Islands,XIII
567,Libjo,/wiki/Libjo,Mun,Dinagat Islands,XIII
568,Loreto,"/wiki/Loreto,_Dinagat_Islands",Mun,Dinagat Islands,XIII
569,San Jose,"/wiki/San_Jose,_Dinagat_Islands",Mun,Dinagat Islands,XIII
570,Tubajon,/wiki/Tubajon,Mun,Dinagat Islands,XIII
571,Arteche,/wiki/Arteche,Mun,Eastern Samar,VIII
572,Balangiga,/wiki/Balangiga,Mun,Eastern Samar,VIII
573,Balangkayan,/wiki/Balangkayan,Mun,Eastern Samar,VIII
574,Borongan,/wiki/Borongan,CC,Eastern Samar,VIII
575,Can-avid,/wiki/Can-avid,Mun,Eastern Samar,VIII
576,Dolores,"/wiki/Dolores,_Eastern_Samar",Mun,Eastern Samar,VIII
577,General MacArthur,"/wiki/General_MacArthur,_Eastern_Samar",Mun,Eastern Samar,VIII
578,Giporlos,/wiki/Giporlos,Mun,Eastern Samar,VIII
579,Guiuan,/wiki/Guiuan,Mun,Eastern Samar,VIII
580,Hernani,"/wiki/Hernani,_Eastern_Samar",Mun,Eastern Samar,VIII
581,Jipapad,/wiki/Jipapad,Mun,Eastern Samar,VIII
582,Lawaan,/wiki/Lawaan,Mun,Eastern Samar,VIII
583,Llorente,"/wiki/Llorente,_Eastern_Samar",Mun,Eastern Samar,VIII
584,Maslog,/wiki/Maslog,Mun,Eastern Samar,VIII
585,Maydolong,/wiki/Maydolong,Mun,Eastern Samar,VIII
586,Mercedes,"/wiki/Mercedes,_Eastern_Samar",Mun,Eastern Samar,VIII
587,Oras,"/wiki/Oras,_Eastern_Samar",Mun,Eastern Samar,VIII
588,Quinapondan,/wiki/Quinapondan,Mun,Eastern Samar,VIII
589,Salcedo,"/wiki/Salcedo,_Eastern_Samar",Mun,Eastern Samar,VIII
590,San Julian,"/wiki/San_Julian,_Eastern_Samar",Mun,Eastern Samar,VIII
591,San Policarpo,"/wiki/San_Policarpo,_Eastern_Samar",Mun,Eastern Samar,VIII
592,Sulat,/wiki/Sulat,Mun,Eastern Samar,VIII
593,Taft,"/wiki/Taft,_Eastern_Samar",Mun,Eastern Samar,VIII
594,Buenavista,"/wiki/Buenavista,_Guimaras",Mun,Guimaras,VI
595,Jordan,"/wiki/Jordan,_Guimaras",Mun,Guimaras,VI
596,Nueva Valencia,/wiki/Nueva_Valencia,Mun,Guimaras,VI
597,San Lorenzo,"/wiki/San_Lorenzo,_Guimaras",Mun,Guimaras,VI
598,Sibunag,/wiki/Sibunag,Mun,Guimaras,VI
599,Aguinaldo,"/wiki/Aguinaldo,_Ifugao",Mun,Ifugao,CAR
600,Alfonso Lista,/wiki/Alfonso_Lista,Mun,Ifugao,CAR
601,Asipulo,/wiki/Asipulo,Mun,Ifugao,CAR
602,Banaue,/wiki/Banaue,Mun,Ifugao,CAR
603,Hingyon,/wiki/Hingyon,Mun,Ifugao,CAR
604,Hungduan,/wiki/Hungduan,Mun,Ifugao,CAR
605,Kiangan,/wiki/Kiangan,Mun,Ifugao,CAR
606,Lagawe,/wiki/Lagawe,Mun,Ifugao,CAR
607,Lamut,"/wiki/Lamut,_Ifugao",Mun,Ifugao,CAR
608,Mayoyao,/wiki/Mayoyao,Mun,Ifugao,CAR
609,Tinoc,/wiki/Tinoc,Mun,Ifugao,CAR
610,Adams,"/wiki/Adams,_Ilocos_Norte",Mun,Ilocos Norte,I
611,Bacarra,/wiki/Bacarra,Mun,Ilocos Norte,I
612,Badoc,/wiki/Badoc,Mun,Ilocos Norte,I
613,Bangui,"/wiki/Bangui,_Ilocos_Norte",Mun,Ilocos Norte,I
614,Banna,"/wiki/Banna,_Ilocos_Norte",Mun,Ilocos Norte,I
615,Batac,/wiki/Batac,CC,Ilocos Norte,I
616,Burgos,"/wiki/Burgos,_Ilocos_Norte",Mun,Ilocos Norte,I
617,Carasi,/wiki/Carasi,Mun,Ilocos Norte,I
618,Currimao,/wiki/Currimao,Mun,Ilocos Norte,I
619,Dingras,/wiki/Dingras,Mun,Ilocos Norte,I
620,Dumalneg,/wiki/Dumalneg,Mun,Ilocos Norte,I
621,Laoag,/wiki/Laoag,CC,Ilocos Norte,I
622,Marcos,"/wiki/Marcos,_Ilocos_Norte",Mun,Ilocos Norte,I
623,Nueva Era,"/wiki/Nueva_Era,_Ilocos_Norte",Mun,Ilocos Norte,I
624,Pagudpud,/wiki/Pagudpud,Mun,Ilocos Norte,I
625,Paoay,/wiki/Paoay,Mun,Ilocos Norte,I
626,Pasuquin,/wiki/Pasuquin,Mun,Ilocos Norte,I
627,Piddig,/wiki/Piddig,Mun,Ilocos Norte,I
628,Pinili,/wiki/Pinili,Mun,Ilocos Norte,I
629,San Nicolas,"/wiki/San_Nicolas,_Ilocos_Norte",Mun,Ilocos Norte,I
630,Sarrat,/wiki/Sarrat,Mun,Ilocos Norte,I
631,Solsona,"/wiki/Solsona,_Ilocos_Norte",Mun,Ilocos Norte,I
632,Vintar,/wiki/Vintar,Mun,Ilocos Norte,I
633,Alilem,/wiki/Alilem,Mun,Ilocos Sur,I
634,Banayoyo,/wiki/Banayoyo,Mun,Ilocos Sur,I
635,Bantay,/wiki/Bantay,Mun,Ilocos Sur,I
636,Burgos,"/wiki/Burgos,_Ilocos_Sur",Mun,Ilocos Sur,I
637,Cabugao,/wiki/Cabugao,Mun,Ilocos Sur,I
638,Candon,/wiki/Candon,CC,Ilocos Sur,I
639,Caoayan,/wiki/Caoayan,Mun,Ilocos Sur,I
640,Cervantes,"/wiki/Cervantes,_Ilocos_Sur",Mun,Ilocos Sur,I
641,Galimuyod,/wiki/Galimuyod,Mun,Ilocos Sur,I
642,Gregorio del Pilar,"/wiki/Gregorio_del_Pilar,_Ilocos_Sur",Mun,Ilocos Sur,I
643,Lidlidda,/wiki/Lidlidda,Mun,Ilocos Sur,I
644,Magsingal,/wiki/Magsingal,Mun,Ilocos Sur,I
645,Nagbukel,/wiki/Nagbukel,Mun,Ilocos Sur,I
646,Narvacan,/wiki/Narvacan,Mun,Ilocos Sur,I
647,Quirino,"/wiki/Quirino,_Ilocos_Sur",Mun,Ilocos Sur,I
648,Salcedo,"/wiki/Salcedo,_Ilocos_Sur",Mun,Ilocos Sur,I
649,San Emilio,/wiki/San_Emilio,Mun,Ilocos Sur,I
650,San Esteban,"/wiki/San_Esteban,_Ilocos_Sur",Mun,Ilocos Sur,I
651,San Ildefonso,"/wiki/San_Ildefonso,_Ilocos_Sur",Mun,Ilocos Sur,I
652,San Juan,"/wiki/San_Juan,_Ilocos_Sur",Mun,Ilocos Sur,I
653,San Vicente,"/wiki/San_Vicente,_Ilocos_Sur",Mun,Ilocos Sur,I
654,Santa Catalina,"/wiki/Santa_Catalina,_Ilocos_Sur",Mun,Ilocos Sur,I
655,Santa Cruz,"/wiki/Santa_Cruz,_Ilocos_Sur",Mun,Ilocos Sur,I
656,Santa Lucia,"/wiki/Santa_Lucia,_Ilocos_Sur",Mun,Ilocos Sur,I
657,Santa Maria,"/wiki/Santa_Maria,_Ilocos_Sur",Mun,Ilocos Sur,I
658,Santa,"/wiki/Santa,_Ilocos_Sur",Mun,Ilocos Sur,I
659,Santiago,"/wiki/Santiago,_Ilocos_Sur",Mun,Ilocos Sur,I
660,Santo Domingo,"/wiki/Santo_Domingo,_Ilocos_Sur",Mun,Ilocos Sur,I
661,Sigay,/wiki/Sigay,Mun,Ilocos Sur,I
662,Sinait,/wiki/Sinait,Mun,Ilocos Sur,I
663,Sugpon,/wiki/Sugpon,Mun,Ilocos Sur,I
664,Suyo,"/wiki/Suyo,_Ilocos_Sur",Mun,Ilocos Sur,I
665,Tagudin,/wiki/Tagudin,Mun,Ilocos Sur,I
666,Vigan,/wiki/Vigan,CC,Ilocos Sur,I
667,Ajuy,"/wiki/Ajuy,_Iloilo",Mun,Iloilo,VI
668,Alimodian,/wiki/Alimodian,Mun,Iloilo,VI
669,Anilao,"/wiki/Anilao,_Iloilo",Mun,Iloilo,VI
670,Badiangan,/wiki/Badiangan,Mun,Iloilo,VI
671,Balasan,/wiki/Balasan,Mun,Iloilo,VI
672,Banate,"/wiki/Banate,_Iloilo",Mun,Iloilo,VI
673,Barotac Nuevo,/wiki/Barotac_Nuevo,Mun,Iloilo,VI
674,Barotac Viejo,/wiki/Barotac_Viejo,Mun,Iloilo,VI
675,Batad,"/wiki/Batad,_Iloilo",Mun,Iloilo,VI
676,Bingawan,/wiki/Bingawan,Mun,Iloilo,VI
677,Cabatuan,"/wiki/Cabatuan,_Iloilo",Mun,Iloilo,VI
678,Calinog,/wiki/Calinog,Mun,Iloilo,VI
679,Carles,"/wiki/Carles,_Iloilo",Mun,Iloilo,VI
680,Concepcion,"/wiki/Concepcion,_Iloilo",Mun,Iloilo,VI
681,Dingle,"/wiki/Dingle,_Iloilo",Mun,Iloilo,VI
682,Dueñas,"/wiki/Due%C3%B1as,_Iloilo",Mun,Iloilo,VI
683,Dumangas,/wiki/Dumangas,Mun,Iloilo,VI
684,Estancia,"/wiki/Estancia,_Iloilo",Mun,Iloilo,VI
685,Guimbal,/wiki/Guimbal,Mun,Iloilo,VI
686,Igbaras,/wiki/Igbaras,Mun,Iloilo,VI
687,Iloilo City,/wiki/Iloilo_City,HUC,Iloilo,VI
688,Janiuay,/wiki/Janiuay,Mun,Iloilo,VI
689,Lambunao,/wiki/Lambunao,Mun,Iloilo,VI
690,Leganes,"/wiki/Leganes,_Iloilo",Mun,Iloilo,VI
691,Lemery,"/wiki/Lemery,_Iloilo",Mun,Iloilo,VI
692,Leon,"/wiki/Leon,_Iloilo",Mun,Iloilo,VI
693,Maasin,"/wiki/Maasin,_Iloilo",Mun,Iloilo,VI
694,Miagao,/wiki/Miagao,Mun,Iloilo,VI
695,Mina,"/wiki/Mina,_Iloilo",Mun,Iloilo,VI
696,New Lucena,/wiki/New_Lucena,Mun,Iloilo,VI
697,Oton,/wiki/Oton,Mun,Iloilo,VI
698,Passi,"/wiki/Passi,_Iloilo",CC,Iloilo,VI
699,Pavia,"/wiki/Pavia,_Iloilo",Mun,Iloilo,VI
700,Pototan,/wiki/Pototan,Mun,Iloilo,VI
701,San Dionisio,"/wiki/San_Dionisio,_Iloilo",Mun,Iloilo,VI
702,San Enrique,"/wiki/San_Enrique,_Iloilo",Mun,Iloilo,VI
703,San Joaquin,"/wiki/San_Joaquin,_Iloilo",Mun,Iloilo,VI
704,San Miguel,"/wiki/San_Miguel,_Iloilo",Mun,Iloilo,VI
705,San Rafael,"/wiki/San_Rafael,_Iloilo",Mun,Iloilo,VI
706,Santa Barbara,"/wiki/Santa_Barbara,_Iloilo",Mun,Iloilo,VI
707,Sara,"/wiki/Sara,_Iloilo",Mun,Iloilo,VI
708,Tigbauan,/wiki/Tigbauan,Mun,Iloilo,VI
709,Tubungan,/wiki/Tubungan,Mun,Iloilo,VI
710,Zarraga,/wiki/Zarraga,Mun,Iloilo,VI
711,Alicia,"/wiki/Alicia,_Isabela",Mun,Isabela,II
712,Angadanan,/wiki/Angadanan,Mun,Isabela,II
713,Aurora,"/wiki/Aurora,_Isabela",Mun,Isabela,II
714,Benito Soliven,/wiki/Benito_Soliven,Mun,Isabela,II
715,Burgos,"/wiki/Burgos,_Isabela",Mun,Isabela,II
716,Cabagan,/wiki/Cabagan,Mun,Isabela,II
717,Cabatuan,"/wiki/Cabatuan,_Isabela",Mun,Isabela,II
718,Cauayan,"/wiki/Cauayan,_Isabela",CC,Isabela,II
719,Cordon,"/wiki/Cordon,_Isabela",Mun,Isabela,II
720,Delfin Albano,/wiki/Delfin_Albano,Mun,Isabela,II
721,Dinapigue,/wiki/Dinapigue,Mun,Isabela,II
722,Divilacan,/wiki/Divilacan,Mun,Isabela,II
723,Echague,/wiki/Echague,Mun,Isabela,II
724,Gamu,/wiki/Gamu,Mun,Isabela,II
725,Ilagan,/wiki/Ilagan,CC,Isabela,II
726,Jones,"/wiki/Jones,_Isabela",Mun,Isabela,II
727,Luna,"/wiki/Luna,_Isabela",Mun,Isabela,II
728,Maconacon,/wiki/Maconacon,Mun,Isabela,II
729,Mallig,/wiki/Mallig,Mun,Isabela,II
730,Naguilian,"/wiki/Naguilian,_Isabela",Mun,Isabela,II
731,Palanan,/wiki/Palanan,Mun,Isabela,II
732,Quezon,"/wiki/Quezon,_Isabela",Mun,Isabela,II
733,Quirino,"/wiki/Quirino,_Isabela",Mun,Isabela,II
734,Ramon,"/wiki/Ramon,_Isabela",Mun,Isabela,II
735,Reina Mercedes,"/wiki/Reina_Mercedes,_Isabela",Mun,Isabela,II
736,Roxas,"/wiki/Roxas,_Isabela",Mun,Isabela,II
737,San Agustin,"/wiki/San_Agustin,_Isabela",Mun,Isabela,II
738,San Guillermo,/wiki/San_Guillermo,Mun,Isabela,II
739,San Isidro,"/wiki/San_Isidro,_Isabela",Mun,Isabela,II
740,San Manuel,"/wiki/San_Manuel,_Isabela",Mun,Isabela,II
741,San Mariano,"/wiki/San_Mariano,_Isabela",Mun,Isabela,II
742,San Mateo,"/wiki/San_Mateo,_Isabela",Mun,Isabela,II
743,San Pablo,"/wiki/San_Pablo,_Isabela",Mun,Isabela,II
744,Santa Maria,"/wiki/Santa_Maria,_Isabela",Mun,Isabela,II
745,Santiago,"/wiki/Santiago,_Isabela",ICC,Isabela,II
746,Santo Tomas,"/wiki/Santo_Tomas,_Isabela",Mun,Isabela,II
747,Tumauini,/wiki/Tumauini,Mun,Isabela,II
748,Balbalan,/wiki/Balbalan,Mun,Kalinga,CAR
749,Lubuagan,/wiki/Lubuagan,Mun,Kalinga,CAR
750,Pasil,/wiki/Pasil,Mun,Kalinga,CAR
751,Pinukpuk,/wiki/Pinukpuk,Mun,Kalinga,CAR
752,Rizal,"/wiki/Rizal,_Kalinga",Mun,Kalinga,CAR
753,Tabuk,"/wiki/Tabuk,_Kalinga",CC,Kalinga,CAR
754,Tanudan,/wiki/Tanudan,Mun,Kalinga,CAR
755,Tinglayan,/wiki/Tinglayan,Mun,Kalinga,CAR
756,Agoo,/wiki/Agoo,Mun,La Union,I
757,Aringay,/wiki/Aringay,Mun,La Union,I
758,Bacnotan,/wiki/Bacnotan,Mun,La Union,I
759,Bagulin,/wiki/Bagulin,Mun,La Union,I
760,Balaoan,/wiki/Balaoan,Mun,La Union,I
761,Bangar,"/wiki/Bangar,_La_Union",Mun,La Union,I
762,Bauang,/wiki/Bauang,Mun,La Union,I
763,Burgos,"/wiki/Burgos,_La_Union",Mun,La Union,I
764,Caba,"/wiki/Caba,_La_Union",Mun,La Union,I
765,Luna,"/wiki/Luna,_La_Union",Mun,La Union,I
766,Naguilian,"/wiki/Naguilian,_La_Union",Mun,La Union,I
767,Pugo,"/wiki/Pugo,_La_Union",Mun,La Union,I
768,Rosario,"/wiki/Rosario,_La_Union",Mun,La Union,I
769,San Fernando,"/wiki/San_Fernando,_La_Union",CC,La Union,I
770,San Gabriel,"/wiki/San_Gabriel,_La_Union",Mun,La Union,I
771,San Juan,"/wiki/San_Juan,_La_Union",Mun,La Union,I
772,Santo Tomas,"/wiki/Santo_Tomas,_La_Union",Mun,La Union,I
773,Santol,"/wiki/Santol,_La_Union",Mun,La Union,I
774,Sudipen,/wiki/Sudipen,Mun,La Union,I
775,Tubao,/wiki/Tubao,Mun,La Union,I
776,Alaminos,"/wiki/Alaminos,_Laguna",Mun,Laguna,IV-A
777,Bay,"/wiki/Bay,_Laguna",Mun,Laguna,IV-A
778,Biñan,/wiki/Bi%C3%B1an,CC,Laguna,IV-A
779,Cabuyao,/wiki/Cabuyao,CC,Laguna,IV-A
780,Calamba,"/wiki/Calamba,_Laguna",CC,Laguna,IV-A
781,Calauan,/wiki/Calauan,Mun,Laguna,IV-A
782,Cavinti,/wiki/Cavinti,Mun,Laguna,IV-A
783,Famy,/wiki/Famy,Mun,Laguna,IV-A
784,Kalayaan,"/wiki/Kalayaan,_Laguna",Mun,Laguna,IV-A
785,Liliw,/wiki/Liliw,Mun,Laguna,IV-A
786,Los Baños,"/wiki/Los_Ba%C3%B1os,_Laguna",Mun,Laguna,IV-A
787,Luisiana,/wiki/Luisiana,Mun,Laguna,IV-A
788,Lumban,/wiki/Lumban,Mun,Laguna,IV-A
789,Mabitac,/wiki/Mabitac,Mun,Laguna,IV-A
790,Magdalena,"/wiki/Magdalena,_Laguna",Mun,Laguna,IV-A
791,Majayjay,/wiki/Majayjay,Mun,Laguna,IV-A
792,Nagcarlan,/wiki/Nagcarlan,Mun,Laguna,IV-A
793,Paete,/wiki/Paete,Mun,Laguna,IV-A
794,Pagsanjan,/wiki/Pagsanjan,Mun,Laguna,IV-A
795,Pakil,/wiki/Pakil,Mun,Laguna,IV-A
796,Pangil,/wiki/Pangil,Mun,Laguna,IV-A
797,Pila,"/wiki/Pila,_Laguna",Mun,Laguna,IV-A
798,Rizal,"/wiki/Rizal,_Laguna",Mun,Laguna,IV-A
799,San Pablo,"/wiki/San_Pablo,_Laguna",CC,Laguna,IV-A
800,San Pedro,"/wiki/San_Pedro,_Laguna",CC,Laguna,IV-A
801,Santa Cruz,"/wiki/Santa_Cruz,_Laguna",Mun,Laguna,IV-A
802,Santa Maria,"/wiki/Santa_Maria,_Laguna",Mun,Laguna,IV-A
803,Santa Rosa,"/wiki/Santa_Rosa,_Laguna",CC,Laguna,IV-A
804,Siniloan,/wiki/Siniloan,Mun,Laguna,IV-A
805,Victoria,"/wiki/Victoria,_Laguna",Mun,Laguna,IV-A
806,Bacolod,"/wiki/Bacolod,_Lanao_del_Norte",Mun,Lanao del Norte,X
807,Balo-i,"/wiki/Balo-i,_Lanao_del_Norte",Mun,Lanao del Norte,X
808,Baroy,/wiki/Baroy,Mun,Lanao del Norte,X
809,Iligan,/wiki/Iligan,HUC,Lanao del Norte,X
810,Kapatagan,"/wiki/Kapatagan,_Lanao_del_Norte",Mun,Lanao del Norte,X
811,Kauswagan,/wiki/Kauswagan,Mun,Lanao del Norte,X
812,Kolambugan,/wiki/Kolambugan,Mun,Lanao del Norte,X
813,Lala,"/wiki/Lala,_Lanao_del_Norte",Mun,Lanao del Norte,X
814,Linamon,/wiki/Linamon,Mun,Lanao del Norte,X
815,Magsaysay,"/wiki/Magsaysay,_Lanao_del_Norte",Mun,Lanao del Norte,X
816,Maigo,/wiki/Maigo,Mun,Lanao del Norte,X
817,Matungao,/wiki/Matungao,Mun,Lanao del Norte,X
818,Munai,/wiki/Munai,Mun,Lanao del Norte,X
819,Nunungan,/wiki/Nunungan,Mun,Lanao del Norte,X
820,Pantao Ragat,/wiki/Pantao_Ragat,Mun,Lanao del Norte,X
821,Pantar,"/wiki/Pantar,_Lanao_del_Norte",Mun,Lanao del Norte,X
822,Poona Piagapo,/wiki/Poona_Piagapo,Mun,Lanao del Norte,X
823,Salvador,"/wiki/Salvador,_Lanao_del_Norte",Mun,Lanao del Norte,X
824,Sapad,/wiki/Sapad,Mun,Lanao del Norte,X
825,Sultan Naga Dimaporo,/wiki/Sultan_Naga_Dimaporo,Mun,Lanao del Norte,X
826,Tagoloan,"/wiki/Tagoloan,_Lanao_del_Norte",Mun,Lanao del Norte,X
827,Tangcal,/wiki/Tangcal,Mun,Lanao del Norte,X
828,Tubod,"/wiki/Tubod,_Lanao_del_Norte",Mun,Lanao del Norte,X
829,Amai Manabilang,/wiki/Amai_Manabilang,Mun,Lanao del Sur,BARMM
830,Bacolod-Kalawi,/wiki/Bacolod-Kalawi,Mun,Lanao del Sur,BARMM
831,Balabagan,/wiki/Balabagan,Mun,Lanao del Sur,BARMM
832,Balindong,/wiki/Balindong,Mun,Lanao del Sur,BARMM
833,Bayang,/wiki/Bayang,Mun,Lanao del Sur,BARMM
834,Binidayan,/wiki/Binidayan,Mun,Lanao del Sur,BARMM
835,Buadiposo-Buntong,/wiki/Buadiposo-Buntong,Mun,Lanao del Sur,BARMM
836,Bubong,/wiki/Bubong,Mun,Lanao del Sur,BARMM
837,Butig,/wiki/Butig,Mun,Lanao del Sur,BARMM
838,Calanogas,/wiki/Calanogas,Mun,Lanao del Sur,BARMM
839,Ditsaan-Ramain,/wiki/Ditsaan-Ramain,Mun,Lanao del Sur,BARMM
840,Ganassi,"/wiki/Ganassi,_Lanao_del_Sur",Mun,Lanao del Sur,BARMM
841,Kapai,/wiki/Kapai,Mun,Lanao del Sur,BARMM
842,Kapatagan,"/wiki/Kapatagan,_Lanao_del_Sur",Mun,Lanao del Sur,BARMM
843,Lumba-Bayabao,/wiki/Lumba-Bayabao,Mun,Lanao del Sur,BARMM
844,Lumbaca-Unayan,/wiki/Lumbaca-Unayan,Mun,Lanao del Sur,BARMM
845,Lumbatan,/wiki/Lumbatan,Mun,Lanao del Sur,BARMM
846,Lumbayanague,/wiki/Lumbayanague,Mun,Lanao del Sur,BARMM
847,Madalum,/wiki/Madalum,Mun,Lanao del Sur,BARMM
848,Madamba,/wiki/Madamba,Mun,Lanao del Sur,BARMM
849,Maguing,/wiki/Maguing,Mun,Lanao del Sur,BARMM
850,Malabang,/wiki/Malabang,Mun,Lanao del Sur,BARMM
851,Marantao,/wiki/Marantao,Mun,Lanao del Sur,BARMM
852,Marawi,/wiki/Marawi,CC,Lanao del Sur,BARMM
853,Marogong,/wiki/Marogong,Mun,Lanao del Sur,BARMM
854,Masiu,/wiki/Masiu,Mun,Lanao del Sur,BARMM
855,Mulondo,"/wiki/Mulondo,_Lanao_del_Sur",Mun,Lanao del Sur,BARMM
856,Pagayawan,/wiki/Pagayawan,Mun,Lanao del Sur,BARMM
857,Piagapo,/wiki/Piagapo,Mun,Lanao del Sur,BARMM
858,Picong,"/wiki/Picong,_Lanao_del_Sur",Mun,Lanao del Sur,BARMM
859,Poona Bayabao,/wiki/Poona_Bayabao,Mun,Lanao del Sur,BARMM
860,Pualas,/wiki/Pualas,Mun,Lanao del Sur,BARMM
861,Saguiaran,/wiki/Saguiaran,Mun,Lanao del Sur,BARMM
862,Sultan Dumalondong,/wiki/Sultan_Dumalondong,Mun,Lanao del Sur,BARMM
863,Tagoloan II,/wiki/Tagoloan_II,Mun,Lanao del Sur,BARMM
864,Tamparan,/wiki/Tamparan,Mun,Lanao del Sur,BARMM
865,Taraka,"/wiki/Taraka,_Lanao_del_Sur",Mun,Lanao del Sur,BARMM
866,Tubaran,/wiki/Tubaran,Mun,Lanao del Sur,BARMM
867,Tugaya,/wiki/Tugaya,Mun,Lanao del Sur,BARMM
868,Wao,"/wiki/Wao,_Lanao_del_Sur",Mun,Lanao del Sur,BARMM
869,Abuyog,/wiki/Abuyog,Mun,Leyte,VIII
870,Alangalang,/wiki/Alangalang,Mun,Leyte,VIII
871,Albuera,"/wiki/Albuera,_Leyte",Mun,Leyte,VIII
872,Babatngon,/wiki/Babatngon,Mun,Leyte,VIII
873,Barugo,/wiki/Barugo,Mun,Leyte,VIII
874,Bato,"/wiki/Bato,_Leyte",Mun,Leyte,VIII
875,Baybay,/wiki/Baybay,CC,Leyte,VIII
876,Burauen,/wiki/Burauen,Mun,Leyte,VIII
877,Calubian,/wiki/Calubian,Mun,Leyte,VIII
878,Capoocan,/wiki/Capoocan,Mun,Leyte,VIII
879,Carigara,/wiki/Carigara,Mun,Leyte,VIII
880,Dagami,/wiki/Dagami,Mun,Leyte,VIII
881,Dulag,"/wiki/Dulag,_Leyte",Mun,Leyte,VIII
882,Hilongos,/wiki/Hilongos,Mun,Leyte,VIII
883,Hindang,/wiki/Hindang,Mun,Leyte,VIII
884,Inopacan,/wiki/Inopacan,Mun,Leyte,VIII
885,Isabel,"/wiki/Isabel,_Leyte",Mun,Leyte,VIII
886,Jaro,"/wiki/Jaro,_Leyte",Mun,Leyte,VIII
887,Javier,"/wiki/Javier,_Leyte",Mun,Leyte,VIII
888,Julita,"/wiki/Julita,_Leyte",Mun,Leyte,VIII
889,Kananga,"/wiki/Kananga,_Leyte",Mun,Leyte,VIII
890,La Paz,"/wiki/La_Paz,_Leyte",Mun,Leyte,VIII
891,Leyte,"/wiki/Leyte,_Leyte",Mun,Leyte,VIII
892,MacArthur,"/wiki/MacArthur,_Leyte",Mun,Leyte,VIII
893,Mahaplag,/wiki/Mahaplag,Mun,Leyte,VIII
894,Matag-ob,/wiki/Matag-ob,Mun,Leyte,VIII
895,Matalom,/wiki/Matalom,Mun,Leyte,VIII
896,Mayorga,"/wiki/Mayorga,_Leyte",Mun,Leyte,VIII
897,Merida,"/wiki/Merida,_Leyte",Mun,Leyte,VIII
898,Ormoc,/wiki/Ormoc,ICC,Leyte,VIII
899,Palo,"/wiki/Palo,_Leyte",Mun,Leyte,VIII
900,Palompon,/wiki/Palompon,Mun,Leyte,VIII
901,Pastrana,"/wiki/Pastrana,_Leyte",Mun,Leyte,VIII
902,San Isidro,"/wiki/San_Isidro,_Leyte",Mun,Leyte,VIII
903,San Miguel,"/wiki/San_Miguel,_Leyte",Mun,Leyte,VIII
904,Santa Fe,"/wiki/Santa_Fe,_Leyte",Mun,Leyte,VIII
905,Tabango,/wiki/Tabango,Mun,Leyte,VIII
906,Tabontabon,/wiki/Tabontabon,Mun,Leyte,VIII
907,Tacloban,/wiki/Tacloban,HUC,Leyte,VIII
908,Tanauan,"/wiki/Tanauan,_Leyte",Mun,Leyte,VIII
909,Tolosa,"/wiki/Tolosa,_Leyte",Mun,Leyte,VIII
910,Tunga,"/wiki/Tunga,_Leyte",Mun,Leyte,VIII
911,Villaba,/wiki/Villaba,Mun,Leyte,VIII
912,Barira,/wiki/Barira,Mun,Maguindanao del Norte,BARMM
913,Buldon,/wiki/Buldon,Mun,Maguindanao del Norte,BARMM
914,Cotabato City,/wiki/Cotabato_City,ICC,Maguindanao del Norte,BARMM
915,Datu Blah T. Sinsuat,/wiki/Datu_Blah_T._Sinsuat,Mun,Maguindanao del Norte,BARMM
916,Datu Odin Sinsuat,/wiki/Datu_Odin_Sinsuat,Mun,Maguindanao del Norte,BARMM
917,Kabuntalan,/wiki/Kabuntalan,Mun,Maguindanao del Norte,BARMM
918,Matanog,/wiki/Matanog,Mun,Maguindanao del Norte,BARMM
919,Northern Kabuntalan,/wiki/Northern_Kabuntalan,Mun,Maguindanao del Norte,BARMM
920,Parang,"/wiki/Parang,_Maguindanao",Mun,Maguindanao del Norte,BARMM
921,Sultan Kudarat,"/wiki/Sultan_Kudarat,_Maguindanao",Mun,Maguindanao del Norte,BARMM
922,Sultan Mastura,/wiki/Sultan_Mastura,Mun,Maguindanao del Norte,BARMM
923,Talitay,/wiki/Talitay,Mun,Maguindanao del Norte,BARMM
924,Upi,"/wiki/Upi,_Maguindanao",Mun,Maguindanao del Norte,BARMM
925,Ampatuan,"/wiki/Ampatuan,_Maguindanao",Mun,Maguindanao del Sur,BARMM
926,Buluan,/wiki/Buluan,Mun,Maguindanao del Sur,BARMM
927,Datu Abdullah Sangki,/wiki/Datu_Abdullah_Sangki,Mun,Maguindanao del Sur,BARMM
928,Datu Anggal Midtimbang,/wiki/Datu_Anggal_Midtimbang,Mun,Maguindanao del Sur,BARMM
929,Datu Hoffer Ampatuan,/wiki/Datu_Hoffer_Ampatuan,Mun,Maguindanao del Sur,BARMM
930,Datu Montawal,/wiki/Datu_Montawal,Mun,Maguindanao del Sur,BARMM
931,Datu Paglas,/wiki/Datu_Paglas,Mun,Maguindanao del Sur,BARMM
932,Datu Piang,"/wiki/Datu_Piang,_Maguindanao",Mun,Maguindanao del Sur,BARMM
933,Datu Salibo,/wiki/Datu_Salibo,Mun,Maguindanao del Sur,BARMM
934,Datu Saudi-Ampatuan,/wiki/Datu_Saudi-Ampatuan,Mun,Maguindanao del Sur,BARMM
935,Datu Unsay,/wiki/Datu_Unsay,Mun,Maguindanao del Sur,BARMM
936,General Salipada K. Pendatun,"/wiki/General_Salipada_K._Pendatun,_Maguindanao",Mun,Maguindanao del Sur,BARMM
937,Guindulungan,/wiki/Guindulungan,Mun,Maguindanao del Sur,BARMM
938,Mamasapano,/wiki/Mamasapano,Mun,Maguindanao del Sur,BARMM
939,Mangudadatu,"/wiki/Mangudadatu,_Maguindanao",Mun,Maguindanao del Sur,BARMM
940,Pagalungan,/wiki/Pagalungan,Mun,Maguindanao del Sur,BARMM
941,Paglat,/wiki/Paglat,Mun,Maguindanao del Sur,BARMM
942,Pandag,"/wiki/Pandag,_Maguindanao",Mun,Maguindanao del Sur,BARMM
943,Rajah Buayan,/wiki/Rajah_Buayan,Mun,Maguindanao del Sur,BARMM
944,Shariff Aguak,/wiki/Shariff_Aguak,Mun,Maguindanao del Sur,BARMM
945,Shariff Saydona Mustapha,/wiki/Shariff_Saydona_Mustapha,Mun,Maguindanao del Sur,BARMM
946,South Upi,/wiki/South_Upi,Mun,Maguindanao del Sur,BARMM
947,Sultan sa Barongis,/wiki/Sultan_sa_Barongis,Mun,Maguindanao del Sur,BARMM
948,Talayan,/wiki/Talayan,Mun,Maguindanao del Sur,BARMM
949,Boac,"/wiki/Boac,_Marinduque",Mun,Marinduque,Mimaropa
950,Buenavista,"/wiki/Buenavista,_Marinduque",Mun,Marinduque,Mimaropa
951,Gasan,"/wiki/Gasan,_Marinduque",Mun,Marinduque,Mimaropa
952,Mogpog,/wiki/Mogpog,Mun,Marinduque,Mimaropa
953,Santa Cruz,"/wiki/Santa_Cruz,_Marinduque",Mun,Marinduque,Mimaropa
954,Torrijos,"/wiki/Torrijos,_Marinduque",Mun,Marinduque,Mimaropa
955,Aroroy,/wiki/Aroroy,Mun,Masbate,V
956,Baleno,"/wiki/Baleno,_Masbate",Mun,Masbate,V
957,Balud,/wiki/Balud,Mun,Masbate,V
958,Batuan,"/wiki/Batuan,_Masbate",Mun,Masbate,V
959,Cataingan,/wiki/Cataingan,Mun,Masbate,V
960,Cawayan,/wiki/Cawayan,Mun,Masbate,V
961,Claveria,"/wiki/Claveria,_Masbate",Mun,Masbate,V
962,Dimasalang,/wiki/Dimasalang,Mun,Masbate,V
963,Esperanza,"/wiki/Esperanza,_Masbate",Mun,Masbate,V
964,Mandaon,/wiki/Mandaon,Mun,Masbate,V
965,Masbate City,/wiki/Masbate_City,CC,Masbate,V
966,Milagros,"/wiki/Milagros,_Masbate",Mun,Masbate,V
967,Mobo,"/wiki/Mobo,_Masbate",Mun,Masbate,V
968,Monreal,"/wiki/Monreal,_Masbate",Mun,Masbate,V
969,Palanas,/wiki/Palanas,Mun,Masbate,V
970,Pio V. Corpus,/wiki/Pio_V._Corpus,Mun,Masbate,V
971,Placer,"/wiki/Placer,_Masbate",Mun,Masbate,V
972,San Fernando,"/wiki/San_Fernando,_Masbate",Mun,Masbate,V
973,San Jacinto,"/wiki/San_Jacinto,_Masbate",Mun,Masbate,V
974,San Pascual,"/wiki/San_Pascual,_Masbate",Mun,Masbate,V
975,Uson,/wiki/Uson,Mun,Masbate,V
976,Caloocan,/wiki/Caloocan,HUC,Metro Manila,NCR
977,Las Piñas,/wiki/Las_Pi%C3%B1as,HUC,Metro Manila,NCR
978,Makati,/wiki/Makati,HUC,Metro Manila,NCR
979,Malabon,/wiki/Malabon,HUC,Metro Manila,NCR
980,Mandaluyong,/wiki/Mandaluyong,HUC,Metro Manila,NCR
981,Manila,/wiki/Manila,HUC,Metro Manila,NCR
982,Marikina,/wiki/Marikina,HUC,Metro Manila,NCR
983,Muntinlupa,/wiki/Muntinlupa,HUC,Metro Manila,NCR
984,Navotas,/wiki/Navotas,HUC,Metro Manila,NCR
985,Parañaque,/wiki/Para%C3%B1aque,HUC,Metro Manila,NCR
986,Pasay,/wiki/Pasay,HUC,Metro Manila,NCR
987,Pasig,/wiki/Pasig,HUC,Metro Manila,NCR
988,Pateros,/wiki/Pateros,Mun,Metro Manila,NCR
989,Quezon City,/wiki/Quezon_City,HUC,Metro Manila,NCR
990,San Juan,"/wiki/San_Juan,_Metro_Manila",HUC,Metro Manila,NCR
991,Taguig,/wiki/Taguig,HUC,Metro Manila,NCR
992,Valenzuela,"/wiki/Valenzuela,_Metro_Manila",HUC,Metro Manila,NCR
993,Aloran,/wiki/Aloran,Mun,Misamis Occidental,X
994,Baliangao,/wiki/Baliangao,Mun,Misamis Occidental,X
995,Bonifacio,"/wiki/Bonifacio,_Misamis_Occidental",Mun,Misamis Occidental,X
996,Calamba,"/wiki/Calamba,_Misamis_Occidental",Mun,Misamis Occidental,X
997,Clarin,"/wiki/Clarin,_Misamis_Occidental",Mun,Misamis Occidental,X
998,Concepcion,"/wiki/Concepcion,_Misamis_Occidental",Mun,Misamis Occidental,X
999,Don Victoriano Chiongbian,/wiki/Don_Victoriano_Chiongbian,Mun,Misamis Occidental,X
1000,Jimenez,"/wiki/Jimenez,_Misamis_Occidental",Mun,Misamis Occidental,X
1001,Lopez Jaena,/wiki/Lopez_Jaena,Mun,Misamis Occidental,X
1002,Oroquieta,/wiki/Oroquieta,CC,Misamis Occidental,X
1003,Ozamiz,/wiki/Ozamiz,CC,Misamis Occidental,X
1004,Panaon,"/wiki/Panaon,_Misamis_Occidental",Mun,Misamis Occidental,X
1005,Plaridel,"/wiki/Plaridel,_Misamis_Occidental",Mun,Misamis Occidental,X
1006,Sapang Dalaga,/wiki/Sapang_Dalaga,Mun,Misamis Occidental,X
1007,Sinacaban,/wiki/Sinacaban,Mun,Misamis Occidental,X
1008,Tangub,/wiki/Tangub,CC,Misamis Occidental,X
1009,Tudela,"/wiki/Tudela,_Misamis_Occidental",Mun,Misamis Occidental,X
1010,Alubijid,/wiki/Alubijid,Mun,Misamis Oriental,X
1011,Balingasag,/wiki/Balingasag,Mun,Misamis Oriental,X
1012,Balingoan,/wiki/Balingoan,Mun,Misamis Oriental,X
1013,Binuangan,/wiki/Binuangan,Mun,Misamis Oriental,X
1014,Cagayan de Oro,/wiki/Cagayan_de_Oro,HUC,Misamis Oriental,X
1015,Claveria,"/wiki/Claveria,_Misamis_Oriental",Mun,Misamis Oriental,X
1016,El Salvador,"/wiki/El_Salvador,_Misamis_Oriental",CC,Misamis Oriental,X
1017,Gingoog,/wiki/Gingoog,CC,Misamis Oriental,X
1018,Gitagum,/wiki/Gitagum,Mun,Misamis Oriental,X
1019,Initao,/wiki/Initao,Mun,Misamis Oriental,X
1020,Jasaan,/wiki/Jasaan,Mun,Misamis Oriental,X
1021,Kinoguitan,/wiki/Kinoguitan,Mun,Misamis Oriental,X
1022,Lagonglong,/wiki/Lagonglong,Mun,Misamis Oriental,X
1023,Laguindingan,/wiki/Laguindingan,Mun,Misamis Oriental,X
1024,Libertad,"/wiki/Libertad,_Misamis_Oriental",Mun,Misamis Oriental,X
1025,Lugait,/wiki/Lugait,Mun,Misamis Oriental,X
1026,Magsaysay,"/wiki/Magsaysay,_Misamis_Oriental",Mun,Misamis Oriental,X
1027,Manticao,/wiki/Manticao,Mun,Misamis Oriental,X
1028,Medina,"/wiki/Medina,_Misamis_Oriental",Mun,Misamis Oriental,X
1029,Naawan,/wiki/Naawan,Mun,Misamis Oriental,X
1030,Opol,/wiki/Opol,Mun,Misamis Oriental,X
1031,Salay,/wiki/Salay,Mun,Misamis Oriental,X
1032,Sugbongcogon,/wiki/Sugbongcogon,Mun,Misamis Oriental,X
1033,Tagoloan,"/wiki/Tagoloan,_Misamis_Oriental",Mun,Misamis Oriental,X
1034,Talisayan,/wiki/Talisayan,Mun,Misamis Oriental,X
1035,Villanueva,"/wiki/Villanueva,_Misamis_Oriental",Mun,Misamis Oriental,X
1036,Barlig,/wiki/Barlig,Mun,Mountain Province,CAR
1037,Bauko,/wiki/Bauko,Mun,Mountain Province,CAR
1038,Besao,/wiki/Besao,Mun,Mountain Province,CAR
1039,Bontoc,"/wiki/Bontoc,_Mountain_Province",Mun,Mountain Province,CAR
1040,Natonin,/wiki/Natonin,Mun,Mountain Province,CAR
1041,Paracelis,/wiki/Paracelis,Mun,Mountain Province,CAR
1042,Sabangan,/wiki/Sabangan,Mun,Mountain Province,CAR
1043,Sadanga,/wiki/Sadanga,Mun,Mountain Province,CAR
1044,Sagada,/wiki/Sagada,Mun,Mountain Province,CAR
1045,Tadian,/wiki/Tadian,Mun,Mountain Province,CAR
1046,Bacolod,/wiki/Bacolod,HUC,Negros Occidental,NIR
1047,Bago,"/wiki/Bago,_Negros_Occidental",CC,Negros Occidental,NIR
1048,Binalbagan,/wiki/Binalbagan,Mun,Negros Occidental,NIR
1049,Cadiz,"/wiki/Cadiz,_Negros_Occidental",CC,Negros Occidental,NIR
1050,Calatrava,"/wiki/Calatrava,_Negros_Occidental",Mun,Negros Occidental,NIR
1051,Candoni,/wiki/Candoni,Mun,Negros Occidental,NIR
1052,Cauayan,"/wiki/Cauayan,_Negros_Occidental",Mun,Negros Occidental,NIR
1053,Don Salvador Benedicto,/wiki/Don_Salvador_Benedicto,Mun,Negros Occidental,NIR
1054,Enrique B. Magalona,"/wiki/Enrique_B._Magalona,_Negros_Occidental",Mun,Negros Occidental,NIR
1055,Escalante,"/wiki/Escalante,_Negros_Occidental",CC,Negros Occidental,NIR
1056,Himamaylan,/wiki/Himamaylan,CC,Negros Occidental,NIR
1057,Hinigaran,/wiki/Hinigaran,Mun,Negros Occidental,NIR
1058,Hinoba-an,/wiki/Hinoba-an,Mun,Negros Occidental,NIR
1059,Ilog,"/wiki/Ilog,_Negros_Occidental",Mun,Negros Occidental,NIR
1060,Isabela,"/wiki/Isabela,_Negros_Occidental",Mun,Negros Occidental,NIR
1061,Kabankalan,/wiki/Kabankalan,CC,Negros Occidental,NIR
1062,La Carlota,"/wiki/La_Carlota,_Negros_Occidental",CC,Negros Occidental,NIR
1063,La Castellana,"/wiki/La_Castellana,_Negros_Occidental",Mun,Negros Occidental,NIR
1064,Manapla,/wiki/Manapla,Mun,Negros Occidental,NIR
1065,Moises Padilla,/wiki/Moises_Padilla,Mun,Negros Occidental,NIR
1066,Murcia,"/wiki/Murcia,_Negros_Occidental",Mun,Negros Occidental,NIR
1067,Pontevedra,"/wiki/Pontevedra,_Negros_Occidental",Mun,Negros Occidental,NIR
1068,Pulupandan,/wiki/Pulupandan,Mun,Negros Occidental,NIR
1069,Sagay,"/wiki/Sagay,_Negros_Occidental",CC,Negros Occidental,NIR
1070,San Carlos,"/wiki/San_Carlos,_Negros_Occidental",CC,Negros Occidental,NIR
1071,San Enrique,"/wiki/San_Enrique,_Negros_Occidental",Mun,Negros Occidental,NIR
1072,Silay,/wiki/Silay,CC,Negros Occidental,NIR
1073,Sipalay,/wiki/Sipalay,CC,Negros Occidental,NIR
1074,Talisay,"/wiki/Talisay,_Negros_Occidental",CC,Negros Occidental,NIR
1075,Toboso,"/wiki/Toboso,_Negros_Occidental",Mun,Negros Occidental,NIR
1076,Valladolid,"/wiki/Valladolid,_Negros_Occidental",Mun,Negros Occidental,NIR
1077,Victorias,/wiki/Victorias,CC,Negros Occidental,NIR
1078,Amlan,/wiki/Amlan,Mun,Negros Oriental,NIR
1079,Ayungon,/wiki/Ayungon,Mun,Negros Oriental,NIR
1080,Bacong,/wiki/Bacong,Mun,Negros Oriental,NIR
1081,Bais,"/wiki/Bais,_Negros_Oriental",CC,Negros Oriental,NIR
1082,Basay,"/wiki/Basay,_Negros_Oriental",Mun,Negros Oriental,NIR
1083,Bayawan,/wiki/Bayawan,CC,Negros Oriental,NIR
1084,Bindoy,/wiki/Bindoy,Mun,Negros Oriental,NIR
1085,Canlaon,/wiki/Canlaon,CC,Negros Oriental,NIR
1086,Dauin,/wiki/Dauin,Mun,Negros Oriental,NIR
1087,Dumaguete,/wiki/Dumaguete,CC,Negros Oriental,NIR
1088,Guihulngan,/wiki/Guihulngan,CC,Negros Oriental,NIR
1089,Jimalalud,/wiki/Jimalalud,Mun,Negros Oriental,NIR
1090,La Libertad,"/wiki/La_Libertad,_Negros_Oriental",Mun,Negros Oriental,NIR
1091,Mabinay,/wiki/Mabinay,Mun,Negros Oriental,NIR
1092,Manjuyod,/wiki/Manjuyod,Mun,Negros Oriental,NIR
1093,Pamplona,"/wiki/Pamplona,_Negros_Oriental",Mun,Negros Oriental,NIR
1094,San Jose,"/wiki/San_Jose,_Negros_Oriental",Mun,Negros Oriental,NIR
1095,Santa Catalina,"/wiki/Santa_Catalina,_Negros_Oriental",Mun,Negros Oriental,NIR
1096,Siaton,/wiki/Siaton,Mun,Negros Oriental,NIR
1097,Sibulan,/wiki/Sibulan,Mun,Negros Oriental,NIR
1098,Tanjay,/wiki/Tanjay,CC,Negros Oriental,NIR
1099,Tayasan,/wiki/Tayasan,Mun,Negros Oriental,NIR
1100,Valencia,"/wiki/Valencia,_Negros_Oriental",Mun,Negros Oriental,NIR
1101,Vallehermoso,"/wiki/Vallehermoso,_Negros_Oriental",Mun,Negros Oriental,NIR
1102,Zamboanguita,/wiki/Zamboanguita,Mun,Negros Oriental,NIR
1103,Allen,"/wiki/Allen,_Northern_Samar",Mun,Northern Samar,VIII
1104,Biri,"/wiki/Biri,_Northern_Samar",Mun,Northern Samar,VIII
1105,Bobon,/wiki/Bobon,Mun,Northern Samar,VIII
1106,Capul,/wiki/Capul,Mun,Northern Samar,VIII
1107,Catarman,"/wiki/Catarman,_Northern_Samar",Mun,Northern Samar,VIII
1108,Catubig,/wiki/Catubig,Mun,Northern Samar,VIII
1109,Gamay,"/wiki/Gamay,_Northern_Samar",Mun,Northern Samar,VIII
1110,Laoang,/wiki/Laoang,Mun,Northern Samar,VIII
1111,Lapinig,/wiki/Lapinig,Mun,Northern Samar,VIII
1112,Las Navas,/wiki/Las_Navas,Mun,Northern Samar,VIII
1113,Lavezares,/wiki/Lavezares,Mun,Northern Samar,VIII
1114,Lope de Vega,"/wiki/Lope_de_Vega,_Northern_Samar",Mun,Northern Samar,VIII
1115,Mapanas,/wiki/Mapanas,Mun,Northern Samar,VIII
1116,Mondragon,"/wiki/Mondragon,_Northern_Samar",Mun,Northern Samar,VIII
1117,Palapag,/wiki/Palapag,Mun,Northern Samar,VIII
1118,Pambujan,/wiki/Pambujan,Mun,Northern Samar,VIII
1119,Rosario,"/wiki/Rosario,_Northern_Samar",Mun,Northern Samar,VIII
1120,San Antonio,"/wiki/San_Antonio,_Northern_Samar",Mun,Northern Samar,VIII
1121,San Isidro,"/wiki/San_Isidro,_Northern_Samar",Mun,Northern Samar,VIII
1122,San Jose,"/wiki/San_Jose,_Northern_Samar",Mun,Northern Samar,VIII
1123,San Roque,"/wiki/San_Roque,_Northern_Samar",Mun,Northern Samar,VIII
1124,San Vicente,"/wiki/San_Vicente,_Northern_Samar",Mun,Northern Samar,VIII
1125,Silvino Lobos,/wiki/Silvino_Lobos,Mun,Northern Samar,VIII
1126,Victoria,"/wiki/Victoria,_Northern_Samar",Mun,Northern Samar,VIII
1127,Aliaga,"/wiki/Aliaga,_Nueva_Ecija",Mun,Nueva Ecija,III
1128,Bongabon,/wiki/Bongabon,Mun,Nueva Ecija,III
1129,Cabanatuan,/wiki/Cabanatuan,CC,Nueva Ecija,III
1130,Cabiao,/wiki/Cabiao,Mun,Nueva Ecija,III
1131,Carranglan,/wiki/Carranglan,Mun,Nueva Ecija,III
1132,Cuyapo,/wiki/Cuyapo,Mun,Nueva Ecija,III
1133,Gabaldon,"/wiki/Gabaldon,_Nueva_Ecija",Mun,Nueva Ecija,III
1134,Gapan,/wiki/Gapan,CC,Nueva Ecija,III
1135,General Mamerto Natividad,/wiki/General_Mamerto_Natividad,Mun,Nueva Ecija,III
1136,General Tinio,/wiki/General_Tinio,Mun,Nueva Ecija,III
1137,Guimba,/wiki/Guimba,Mun,Nueva Ecija,III
1138,Jaen,"/wiki/Jaen,_Nueva_Ecija",Mun,Nueva Ecija,III
1139,Laur,"/wiki/Laur,_Nueva_Ecija",Mun,Nueva Ecija,III
1140,Licab,/wiki/Licab,Mun,Nueva Ecija,III
1141,Llanera,"/wiki/Llanera,_Nueva_Ecija",Mun,Nueva Ecija,III
1142,Lupao,/wiki/Lupao,Mun,Nueva Ecija,III
1143,Muñoz,"/wiki/Mu%C3%B1oz,_Nueva_Ecija",CC,Nueva Ecija,III
1144,Nampicuan,/wiki/Nampicuan,Mun,Nueva Ecija,III
1145,Palayan,/wiki/Palayan,CC,Nueva Ecija,III
1146,Pantabangan,/wiki/Pantabangan,Mun,Nueva Ecija,III
1147,Peñaranda,"/wiki/Pe%C3%B1aranda,_Nueva_Ecija",Mun,Nueva Ecija,III
1148,Quezon,"/wiki/Quezon,_Nueva_Ecija",Mun,Nueva Ecija,III
1149,Rizal,"/wiki/Rizal,_Nueva_Ecija",Mun,Nueva Ecija,III
1150,San Antonio,"/wiki/San_Antonio,_Nueva_Ecija",Mun,Nueva Ecija,III
1151,San Isidro,"/wiki/San_Isidro,_Nueva_Ecija",Mun,Nueva Ecija,III
1152,San Jose,"/wiki/San_Jose,_Nueva_Ecija",CC,Nueva Ecija,III
1153,San Leonardo,"/wiki/San_Leonardo,_Nueva_Ecija",Mun,Nueva Ecija,III
1154,Santa Rosa,"/wiki/Santa_Rosa,_Nueva_Ecija",Mun,Nueva Ecija,III
1155,Santo Domingo,"/wiki/Santo_Domingo,_Nueva_Ecija",Mun,Nueva Ecija,III
1156,Talavera,"/wiki/Talavera,_Nueva_Ecija",Mun,Nueva Ecija,III
1157,Talugtug,/wiki/Talugtug,Mun,Nueva Ecija,III
1158,Zaragoza,"/wiki/Zaragoza,_Nueva_Ecija",Mun,Nueva Ecija,III
1159,Alfonso Castañeda,/wiki/Alfonso_Casta%C3%B1eda,Mun,Nueva Vizcaya,II
1160,Ambaguio,/wiki/Ambaguio,Mun,Nueva Vizcaya,II
1161,Aritao,/wiki/Aritao,Mun,Nueva Vizcaya,II
1162,Bagabag,"/wiki/Bagabag,_Nueva_Vizcaya",Mun,Nueva Vizcaya,II
1163,Bambang,"/wiki/Bambang,_Nueva_Vizcaya",Mun,Nueva Vizcaya,II
1164,Bayombong,/wiki/Bayombong,Mun,Nueva Vizcaya,II
1165,Diadi,/wiki/Diadi,Mun,Nueva Vizcaya,II
1166,Dupax del Norte,/wiki/Dupax_del_Norte,Mun,Nueva Vizcaya,II
1167,Dupax del Sur,/wiki/Dupax_del_Sur,Mun,Nueva Vizcaya,II
1168,Kasibu,/wiki/Kasibu,Mun,Nueva Vizcaya,II
1169,Kayapa,/wiki/Kayapa,Mun,Nueva Vizcaya,II
1170,Quezon,"/wiki/Quezon,_Nueva_Vizcaya",Mun,Nueva Vizcaya,II
1171,Santa Fe,"/wiki/Santa_Fe,_Nueva_Vizcaya",Mun,Nueva Vizcaya,II
1172,Solano,"/wiki/Solano,_Nueva_Vizcaya",Mun,Nueva Vizcaya,II
1173,Villaverde,"/wiki/Villaverde,_Nueva_Vizcaya",Mun,Nueva Vizcaya,II
1174,Abra de Ilog,/wiki/Abra_de_Ilog,Mun,Occidental Mindoro,Mimaropa
1175,Calintaan,/wiki/Calintaan,Mun,Occidental Mindoro,Mimaropa
1176,Looc,"/wiki/Looc,_Occidental_Mindoro",Mun,Occidental Mindoro,Mimaropa
1177,Lubang,"/wiki/Lubang,_Occidental_Mindoro",Mun,Occidental Mindoro,Mimaropa
1178,Magsaysay,"/wiki/Magsaysay,_Occidental_Mindoro",Mun,Occidental Mindoro,Mimaropa
1179,Mamburao,/wiki/Mamburao,Mun,Occidental Mindoro,Mimaropa
1180,Paluan,/wiki/Paluan,Mun,Occidental Mindoro,Mimaropa
1181,Rizal,"/wiki/Rizal,_Occidental_Mindoro",Mun,Occidental Mindoro,Mimaropa
1182,Sablayan,/wiki/Sablayan,Mun,Occidental Mindoro,Mimaropa
1183,San Jose,"/wiki/San_Jose,_Occidental_Mindoro",Mun,Occidental Mindoro,Mimaropa
1184,Santa Cruz,"/wiki/Santa_Cruz,_Occidental_Mindoro",Mun,Occidental Mindoro,Mimaropa
1185,Baco,"/wiki/Baco,_Oriental_Mindoro",Mun,Oriental Mindoro,Mimaropa
1186,Bansud,/wiki/Bansud,Mun,Oriental Mindoro,Mimaropa
1187,Bongabong,/wiki/Bongabong,Mun,Oriental Mindoro,Mimaropa
1188,Bulalacao,/wiki/Bulalacao,Mun,Oriental Mindoro,Mimaropa
1189,Calapan,/wiki/Calapan,CC,Oriental Mindoro,Mimaropa
1190,Gloria,"/wiki/Gloria,_Oriental_Mindoro",Mun,Oriental Mindoro,Mimaropa
1191,Mansalay,/wiki/Mansalay,Mun,Oriental Mindoro,Mimaropa
1192,Naujan,/wiki/Naujan,Mun,Oriental Mindoro,Mimaropa
1193,Pinamalayan,/wiki/Pinamalayan,Mun,Oriental Mindoro,Mimaropa
1194,Pola,"/wiki/Pola,_Oriental_Mindoro",Mun,Oriental Mindoro,Mimaropa
1195,Puerto Galera,/wiki/Puerto_Galera,Mun,Oriental Mindoro,Mimaropa
1196,Roxas,"/wiki/Roxas,_Oriental_Mindoro",Mun,Oriental Mindoro,Mimaropa
1197,San Teodoro,"/wiki/San_Teodoro,_Oriental_Mindoro",Mun,Oriental Mindoro,Mimaropa
1198,Socorro,"/wiki/Socorro,_Oriental_Mindoro",Mun,Oriental Mindoro,Mimaropa
1199,Victoria,"/wiki/Victoria,_Oriental_Mindoro",Mun,Oriental Mindoro,Mimaropa
1200,Aborlan,/wiki/Aborlan,Mun,Palawan,Mimaropa
1201,Agutaya,/wiki/Agutaya,Mun,Palawan,Mimaropa
1202,Araceli,"/wiki/Araceli,_Palawan",Mun,Palawan,Mimaropa
1203,Balabac,"/wiki/Balabac,_Palawan",Mun,Palawan,Mimaropa
1204,Bataraza,/wiki/Bataraza,Mun,Palawan,Mimaropa
1205,Brooke's Point,/wiki/Brooke%27s_Point,Mun,Palawan,Mimaropa
1206,Busuanga,"/wiki/Busuanga,_Palawan",Mun,Palawan,Mimaropa
1207,Cagayancillo,/wiki/Cagayancillo,Mun,Palawan,Mimaropa
1208,Coron,"/wiki/Coron,_Palawan",Mun,Palawan,Mimaropa
1209,Culion,/wiki/Culion,Mun,Palawan,Mimaropa
1210,Cuyo,"/wiki/Cuyo,_Palawan",Mun,Palawan,Mimaropa
1211,Dumaran,/wiki/Dumaran,Mun,Palawan,Mimaropa
1212,El Nido,"/wiki/El_Nido,_Palawan",Mun,Palawan,Mimaropa
1213,Kalayaan,"/wiki/Kalayaan,_Palawan",Mun,Palawan,Mimaropa
1214,Linapacan,/wiki/Linapacan,Mun,Palawan,Mimaropa
1215,Magsaysay,"/wiki/Magsaysay,_Palawan",Mun,Palawan,Mimaropa
1216,Narra,"/wiki/Narra,_Palawan",Mun,Palawan,Mimaropa
1217,Puerto Princesa,/wiki/Puerto_Princesa,HUC,Palawan,Mimaropa
1218,Quezon,"/wiki/Quezon,_Palawan",Mun,Palawan,Mimaropa
1219,Rizal,"/wiki/Rizal,_Palawan",Mun,Palawan,Mimaropa
1220,Roxas,"/wiki/Roxas,_Palawan",Mun,Palawan,Mimaropa
1221,San Vicente,"/wiki/San_Vicente,_Palawan",Mun,Palawan,Mimaropa
1222,Sofronio Española,/wiki/Sofronio_Espa%C3%B1ola,Mun,Palawan,Mimaropa
1223,Taytay,"/wiki/Taytay,_Palawan",Mun,Palawan,Mimaropa
1224,Angeles,/wiki/Angeles_City,HUC,Pampanga,III
1225,Apalit,/wiki/Apalit,Mun,Pampanga,III
1226,Arayat,"/wiki/Arayat,_Pampanga",Mun,Pampanga,III
1227,Bacolor,/wiki/Bacolor,Mun,Pampanga,III
1228,Candaba,/wiki/Candaba,Mun,Pampanga,III
1229,Floridablanca,"/wiki/Floridablanca,_Pampanga",Mun,Pampanga,III
1230,Guagua,/wiki/Guagua,Mun,Pampanga,III
1231,Lubao,/wiki/Lubao,Mun,Pampanga,III
1232,Mabalacat,/wiki/Mabalacat,CC,Pampanga,III
1233,Macabebe,/wiki/Macabebe,Mun,Pampanga,III
1234,Magalang,/wiki/Magalang,Mun,Pampanga,III
1235,Masantol,/wiki/Masantol,Mun,Pampanga,III
1236,Mexico,"/wiki/Mexico,_Pampanga",Mun,Pampanga,III
1237,Minalin,/wiki/Minalin,Mun,Pampanga,III
1238,Porac,/wiki/Porac,Mun,Pampanga,III
1239,San Fernando,"/wiki/San_Fernando,_Pampanga",CC,Pampanga,III
1240,San Luis,"/wiki/San_Luis,_Pampanga",Mun,Pampanga,III
1241,San Simon,"/wiki/San_Simon,_Pampanga",Mun,Pampanga,III
1242,Santa Ana,"/wiki/Santa_Ana,_Pampanga",Mun,Pampanga,III
1243,Santa Rita,"/wiki/Santa_Rita,_Pampanga",Mun,Pampanga,III
1244,Santo Tomas,"/wiki/Santo_Tomas,_Pampanga",Mun,Pampanga,III
1245,Sasmuan,/wiki/Sasmuan,Mun,Pampanga,III
1246,Agno,"/wiki/Agno,_Pangasinan",Mun,Pangasinan,I
1247,Aguilar,"/wiki/Aguilar,_Pangasinan",Mun,Pangasinan,I
1248,Alaminos,"/wiki/Alaminos,_Pangasinan",CC,Pangasinan,I
1249,Alcala,"/wiki/Alcala,_Pangasinan",Mun,Pangasinan,I
1250,Anda,"/wiki/Anda,_Pangasinan",Mun,Pangasinan,I
1251,Asingan,/wiki/Asingan,Mun,Pangasinan,I
1252,Balungao,/wiki/Balungao,Mun,Pangasinan,I
1253,Bani,"/wiki/Bani,_Pangasinan",Mun,Pangasinan,I
1254,Basista,/wiki/Basista,Mun,Pangasinan,I
1255,Bautista,"/wiki/Bautista,_Pangasinan",Mun,Pangasinan,I
1256,Bayambang,/wiki/Bayambang,Mun,Pangasinan,I
1257,Binalonan,/wiki/Binalonan,Mun,Pangasinan,I
1258,Binmaley,/wiki/Binmaley,Mun,Pangasinan,I
1259,Bolinao,/wiki/Bolinao,Mun,Pangasinan,I
1260,Bugallon,/wiki/Bugallon,Mun,Pangasinan,I
1261,Burgos,"/wiki/Burgos,_Pangasinan",Mun,Pangasinan,I
1262,Calasiao,/wiki/Calasiao,Mun,Pangasinan,I
1263,Dagupan,/wiki/Dagupan,ICC,Pangasinan,I
1264,Dasol,/wiki/Dasol,Mun,Pangasinan,I
1265,Infanta,"/wiki/Infanta,_Pangasinan",Mun,Pangasinan,I
1266,Labrador,"/wiki/Labrador,_Pangasinan",Mun,Pangasinan,I
1267,Laoac,/wiki/Laoac,Mun,Pangasinan,I
1268,Lingayen,/wiki/Lingayen,Mun,Pangasinan,I
1269,Mabini,"/wiki/Mabini,_Pangasinan",Mun,Pangasinan,I
1270,Malasiqui,/wiki/Malasiqui,Mun,Pangasinan,I
1271,Manaoag,/wiki/Manaoag,Mun,Pangasinan,I
1272,Mangaldan,/wiki/Mangaldan,Mun,Pangasinan,I
1273,Mangatarem,/wiki/Mangatarem,Mun,Pangasinan,I
1274,Mapandan,/wiki/Mapandan,Mun,Pangasinan,I
1275,Natividad,"/wiki/Natividad,_Pangasinan",Mun,Pangasinan,I
1276,Pozorrubio,/wiki/Pozorrubio,Mun,Pangasinan,I
1277,Rosales,"/wiki/Rosales,_Pangasinan",Mun,Pangasinan,I
1278,San Carlos,"/wiki/San_Carlos,_Pangasinan",CC,Pangasinan,I
1279,San Fabian,"/wiki/San_Fabian,_Pangasinan",Mun,Pangasinan,I
1280,San Jacinto,"/wiki/San_Jacinto,_Pangasinan",Mun,Pangasinan,I
1281,San Manuel,"/wiki/San_Manuel,_Pangasinan",Mun,Pangasinan,I
1282,San Nicolas,"/wiki/San_Nicolas,_Pangasinan",Mun,Pangasinan,I
1283,San Quintin,"/wiki/San_Quintin,_Pangasinan",Mun,Pangasinan,I
1284,Santa Barbara,"/wiki/Santa_Barbara,_Pangasinan",Mun,Pangasinan,I
1285,Santa Maria,"/wiki/Santa_Maria,_Pangasinan",Mun,Pangasinan,I
1286,Santo Tomas,"/wiki/Santo_Tomas,_Pangasinan",Mun,Pangasinan,I
1287,Sison,"/wiki/Sison,_Pangasinan",Mun,Pangasinan,I
1288,Sual,/wiki/Sual,Mun,Pangasinan,I
1289,Tayug,/wiki/Tayug,Mun,Pangasinan,I
1290,Umingan,/wiki/Umingan,Mun,Pangasinan,I
1291,Urbiztondo,/wiki/Urbiztondo,Mun,Pangasinan,I
1292,Urdaneta,"/wiki/Urdaneta,_Pangasinan",CC,Pangasinan,I
1293,Villasis,/wiki/Villasis,Mun,Pangasinan,I
1294,Agdangan,/wiki/Agdangan,Mun,Quezon,IV-A
1295,Alabat,"/wiki/Alabat,_Quezon",Mun,Quezon,IV-A
1296,Atimonan,/wiki/Atimonan,Mun,Quezon,IV-A
1297,Buenavista,"/wiki/Buenavista,_Quezon",Mun,Quezon,IV-A
1298,Burdeos,/wiki/Burdeos,Mun,Quezon,IV-A
1299,Calauag,/wiki/Calauag,Mun,Quezon,IV-A
1300,Candelaria,"/wiki/Candelaria,_Quezon",Mun,Quezon,IV-A
1301,Catanauan,/wiki/Catanauan,Mun,Quezon,IV-A
1302,Dolores,"/wiki/Dolores,_Quezon",Mun,Quezon,IV-A
1303,General Luna,"/wiki/General_Luna,_Quezon",Mun,Quezon,IV-A
1304,General Nakar,/wiki/General_Nakar,Mun,Quezon,IV-A
1305,Guinayangan,/wiki/Guinayangan,Mun,Quezon,IV-A
1306,Gumaca,/wiki/Gumaca,Mun,Quezon,IV-A
1307,Infanta,"/wiki/Infanta,_Quezon",Mun,Quezon,IV-A
1308,Jomalig,/wiki/Jomalig,Mun,Quezon,IV-A
1309,Lopez,"/wiki/Lopez,_Quezon",Mun,Quezon,IV-A
1310,Lucban,/wiki/Lucban,Mun,Quezon,IV-A
1311,Lucena,/wiki/Lucena,HUC,Quezon,IV-A
1312,Macalelon,/wiki/Macalelon,Mun,Quezon,IV-A
1313,Mauban,/wiki/Mauban,Mun,Quezon,IV-A
1314,Mulanay,/wiki/Mulanay,Mun,Quezon,IV-A
1315,Padre Burgos,"/wiki/Padre_Burgos,_Quezon",Mun,Quezon,IV-A
1316,Pagbilao,/wiki/Pagbilao,Mun,Quezon,IV-A
1317,Panukulan,/wiki/Panukulan,Mun,Quezon,IV-A
1318,Patnanungan,/wiki/Patnanungan,Mun,Quezon,IV-A
1319,Perez,"/wiki/Perez,_Quezon",Mun,Quezon,IV-A
1320,Pitogo,"/wiki/Pitogo,_Quezon",Mun,Quezon,IV-A
1321,Plaridel,"/wiki/Plaridel,_Quezon",Mun,Quezon,IV-A
1322,Polillo,"/wiki/Polillo,_Quezon",Mun,Quezon,IV-A
1323,Quezon,"/wiki/Quezon,_Quezon",Mun,Quezon,IV-A
1324,Real,"/wiki/Real,_Quezon",Mun,Quezon,IV-A
1325,Sampaloc,"/wiki/Sampaloc,_Quezon",Mun,Quezon,IV-A
1326,San Andres,"/wiki/San_Andres,_Quezon",Mun,Quezon,IV-A
1327,San Antonio,"/wiki/San_Antonio,_Quezon",Mun,Quezon,IV-A
1328,San Francisco,"/wiki/San_Francisco,_Quezon",Mun,Quezon,IV-A
1329,San Narciso,"/wiki/San_Narciso,_Quezon",Mun,Quezon,IV-A
1330,Sariaya,/wiki/Sariaya,Mun,Quezon,IV-A
1331,Tagkawayan,/wiki/Tagkawayan,Mun,Quezon,IV-A
1332,Tayabas,/wiki/Tayabas,CC,Quezon,IV-A
1333,Tiaong,/wiki/Tiaong,Mun,Quezon,IV-A
1334,Unisan,"/wiki/Unisan,_Quezon",Mun,Quezon,IV-A
1335,Aglipay,"/wiki/Aglipay,_Quirino",Mun,Quirino,II
1336,Cabarroguis,/wiki/Cabarroguis,Mun,Quirino,II
1337,Diffun,/wiki/Diffun,Mun,Quirino,II
1338,Maddela,/wiki/Maddela,Mun,Quirino,II
1339,Nagtipunan,/wiki/Nagtipunan,Mun,Quirino,II
1340,Saguday,/wiki/Saguday,Mun,Quirino,II
1341,Angono,/wiki/Angono,Mun,Rizal,IV-A
1342,Antipolo,/wiki/Antipolo,CC,Rizal,IV-A
1343,Baras,"/wiki/Baras,_Rizal",Mun,Rizal,IV-A
1344,Binangonan,/wiki/Binangonan,Mun,Rizal,IV-A
1345,Cainta,/wiki/Cainta,Mun,Rizal,IV-A
1346,Cardona,"/wiki/Cardona,_Rizal",Mun,Rizal,IV-A
1347,Jalajala,/wiki/Jalajala,Mun,Rizal,IV-A
1348,Morong,"/wiki/Morong,_Rizal",Mun,Rizal,IV-A
1349,Pililla,/wiki/Pililla,Mun,Rizal,IV-A
1350,Rodriguez,"/wiki/Rodriguez,_Rizal",Mun,Rizal,IV-A
1351,San Mateo,"/wiki/San_Mateo,_Rizal",Mun,Rizal,IV-A
1352,Tanay,"/wiki/Tanay,_Rizal",Mun,Rizal,IV-A
1353,Taytay,"/wiki/Taytay,_Rizal",Mun,Rizal,IV-A
1354,Teresa,"/wiki/Teresa,_Rizal",Mun,Rizal,IV-A
1355,Alcantara,"/wiki/Alcantara,_Romblon",Mun,Romblon,Mimaropa
1356,Banton,"/wiki/Banton,_Romblon",Mun,Romblon,Mimaropa
1357,Cajidiocan,/wiki/Cajidiocan,Mun,Romblon,Mimaropa
1358,Calatrava,"/wiki/Calatrava,_Romblon",Mun,Romblon,Mimaropa
1359,Concepcion,"/wiki/Concepcion,_Romblon",Mun,Romblon,Mimaropa
1360,Corcuera,/wiki/Corcuera,Mun,Romblon,Mimaropa
1361,Ferrol,"/wiki/Ferrol,_Romblon",Mun,Romblon,Mimaropa
1362,Looc,"/wiki/Looc,_Romblon",Mun,Romblon,Mimaropa
1363,Magdiwang,"/wiki/Magdiwang,_Romblon",Mun,Romblon,Mimaropa
1364,Odiongan,/wiki/Odiongan,Mun,Romblon,Mimaropa
1365,Romblon,"/wiki/Romblon,_Romblon",Mun,Romblon,Mimaropa
1366,San Agustin,"/wiki/San_Agustin,_Romblon",Mun,Romblon,Mimaropa
1367,San Andres,"/wiki/San_Andres,_Romblon",Mun,Romblon,Mimaropa
1368,San Fernando,"/wiki/San_Fernando,_Romblon",Mun,Romblon,Mimaropa
1369,San Jose,"/wiki/San_Jose,_Romblon",Mun,Romblon,Mimaropa
1370,Santa Fe,"/wiki/Santa_Fe,_Romblon",Mun,Romblon,Mimaropa
1371,Santa Maria,"/wiki/Santa_Maria,_Romblon",Mun,Romblon,Mimaropa
1372,Almagro,"/wiki/Almagro,_Samar",Mun,Samar,VIII
1373,Basey,/wiki/Basey,Mun,Samar,VIII
1374,Calbayog,/wiki/Calbayog,CC,Samar,VIII
1375,Calbiga,/wiki/Calbiga,Mun,Samar,VIII
1376,Catbalogan,/wiki/Catbalogan,CC,Samar,VIII
1377,Daram,"/wiki/Daram,_Samar",Mun,Samar,VIII
1378,Gandara,"/wiki/Gandara,_Samar",Mun,Samar,VIII
1379,Hinabangan,/wiki/Hinabangan,Mun,Samar,VIII
1380,Jiabong,/wiki/Jiabong,Mun,Samar,VIII
1381,Marabut,"/wiki/Marabut,_Samar",Mun,Samar,VIII
1382,Matuguinao,/wiki/Matuguinao,Mun,Samar,VIII
1383,Motiong,/wiki/Motiong,Mun,Samar,VIII
1384,Pagsanghan,/wiki/Pagsanghan,Mun,Samar,VIII
1385,Paranas,/wiki/Paranas,Mun,Samar,VIII
1386,Pinabacdao,/wiki/Pinabacdao,Mun,Samar,VIII
1387,San Jorge,"/wiki/San_Jorge,_Samar",Mun,Samar,VIII
1388,San Jose de Buan,/wiki/San_Jose_de_Buan,Mun,Samar,VIII
1389,San Sebastian,"/wiki/San_Sebastian,_Samar",Mun,Samar,VIII
1390,Santa Margarita,"/wiki/Santa_Margarita,_Samar",Mun,Samar,VIII
1391,Santa Rita,"/wiki/Santa_Rita,_Samar",Mun,Samar,VIII
1392,Santo Niño,"/wiki/Santo_Ni%C3%B1o,_Samar",Mun,Samar,VIII
1393,Tagapul-an,/wiki/Tagapul-an,Mun,Samar,VIII
1394,Talalora,/wiki/Talalora,Mun,Samar,VIII
1395,Tarangnan,/wiki/Tarangnan,Mun,Samar,VIII
1396,Villareal,"/wiki/Villareal,_Samar",Mun,Samar,VIII
1397,Zumarraga,"/wiki/Zumarraga,_Samar",Mun,Samar,VIII
1398,Alabel,/wiki/Alabel,Mun,Sarangani,XII
1399,Glan,"/wiki/Glan,_Sarangani",Mun,Sarangani,XII
1400,Kiamba,"/wiki/Kiamba,_Sarangani",Mun,Sarangani,XII
1401,Maasim,/wiki/Maasim,Mun,Sarangani,XII
1402,Maitum,/wiki/Maitum,Mun,Sarangani,XII
1403,Malapatan,/wiki/Malapatan,Mun,Sarangani,XII
1404,Malungon,/wiki/Malungon,Mun,Sarangani,XII
1405,Enrique Villanueva,/wiki/Enrique_Villanueva,Mun,Siquijor,NIR
1406,Larena,/wiki/Larena,Mun,Siquijor,NIR
1407,Lazi,"/wiki/Lazi,_Siquijor",Mun,Siquijor,NIR
1408,Maria,"/wiki/Maria,_Siquijor",Mun,Siquijor,NIR
1409,San Juan,"/wiki/San_Juan,_Siquijor",Mun,Siquijor,NIR
1410,Siquijor,"/wiki/Siquijor,_Siquijor",Mun,Siquijor,NIR
1411,Barcelona,"/wiki/Barcelona,_Sorsogon",Mun,Sorsogon,V
1412,Bulan,"/wiki/Bulan,_Sorsogon",Mun,Sorsogon,V
1413,Bulusan,/wiki/Bulusan_(municipality),Mun,Sorsogon,V
1414,Casiguran,"/wiki/Casiguran,_Sorsogon",Mun,Sorsogon,V
1415,Castilla,"/wiki/Castilla,_Sorsogon",Mun,Sorsogon,V
1416,Donsol,/wiki/Donsol,Mun,Sorsogon,V
1417,Gubat,/wiki/Gubat,Mun,Sorsogon,V
1418,Irosin,/wiki/Irosin,Mun,Sorsogon,V
1419,Juban,"/wiki/Juban,_Sorsogon",Mun,Sorsogon,V
1420,Magallanes,"/wiki/Magallanes,_Sorsogon",Mun,Sorsogon,V
1421,Matnog,/wiki/Matnog,Mun,Sorsogon,V
1422,Pilar,"/wiki/Pilar,_Sorsogon",Mun,Sorsogon,V
1423,Prieto Diaz,/wiki/Prieto_Diaz,Mun,Sorsogon,V
1424,Santa Magdalena,/wiki/Santa_Magdalena,Mun,Sorsogon,V
1425,Sorsogon City,/wiki/Sorsogon_City,CC,Sorsogon,V
1426,Banga,"/wiki/Banga,_South_Cotabato",Mun,South Cotabato,XII
1427,General Santos,/wiki/General_Santos,HUC,South Cotabato,XII
1428,Koronadal,/wiki/Koronadal,CC,South Cotabato,XII
1429,Lake Sebu,"/wiki/Lake_Sebu,_South_Cotabato",Mun,South Cotabato,XII
1430,Norala,/wiki/Norala,Mun,South Cotabato,XII
1431,Polomolok,/wiki/Polomolok,Mun,South Cotabato,XII
1432,Santo Niño,"/wiki/Santo_Ni%C3%B1o,_South_Cotabato",Mun,South Cotabato,XII
1433,Surallah,/wiki/Surallah,Mun,South Cotabato,XII
1434,T'Boli,"/wiki/T%27Boli,_South_Cotabato",Mun,South Cotabato,XII
1435,Tampakan,/wiki/Tampakan,Mun,South Cotabato,XII
1436,Tantangan,/wiki/Tantangan,Mun,South Cotabato,XII
1437,Tupi,"/wiki/Tupi,_South_Cotabato",Mun,South Cotabato,XII
1438,Anahawan,/wiki/Anahawan,Mun,Southern Leyte,VIII
1439,Bontoc,"/wiki/Bontoc,_Southern_Leyte",Mun,Southern Leyte,VIII
1440,Hinunangan,/wiki/Hinunangan,Mun,Southern Leyte,VIII
1441,Hinundayan,/wiki/Hinundayan,Mun,Southern Leyte,VIII
1442,Libagon,/wiki/Libagon,Mun,Southern Leyte,VIII
1443,Liloan,"/wiki/Liloan,_Southern_Leyte",Mun,Southern Leyte,VIII
1444,Limasawa,/wiki/Limasawa,Mun,Southern Leyte,VIII
1445,Maasin,/wiki/Maasin,CC,Southern Leyte,VIII
1446,Macrohon,/wiki/Macrohon,Mun,Southern Leyte,VIII
1447,Malitbog,"/wiki/Malitbog,_Southern_Leyte",Mun,Southern Leyte,VIII
1448,Padre Burgos,"/wiki/Padre_Burgos,_Southern_Leyte",Mun,Southern Leyte,VIII
1449,Pintuyan,/wiki/Pintuyan,Mun,Southern Leyte,VIII
1450,Saint Bernard,"/wiki/Saint_Bernard,_Southern_Leyte",Mun,Southern Leyte,VIII
1451,San Francisco,"/wiki/San_Francisco,_Southern_Leyte",Mun,Southern Leyte,VIII
1452,San Juan,"/wiki/San_Juan,_Southern_Leyte",Mun,Southern Leyte,VIII
1453,San Ricardo,/wiki/San_Ricardo,Mun,Southern Leyte,VIII
1454,Silago,/wiki/Silago,Mun,Southern Leyte,VIII
1455,Sogod,"/wiki/Sogod,_Southern_Leyte",Mun,Southern Leyte,VIII
1456,Tomas Oppus,/wiki/Tomas_Oppus,Mun,Southern Leyte,VIII
1457,Bagumbayan,"/wiki/Bagumbayan,_Sultan_Kudarat",Mun,Sultan Kudarat,XII
1458,Columbio,/wiki/Columbio,Mun,Sultan Kudarat,XII
1459,Esperanza,"/wiki/Esperanza,_Sultan_Kudarat",Mun,Sultan Kudarat,XII
1460,Isulan,/wiki/Isulan,Mun,Sultan Kudarat,XII
1461,Kalamansig,/wiki/Kalamansig,Mun,Sultan Kudarat,XII
1462,Lambayong,/wiki/Lambayong,Mun,Sultan Kudarat,XII
1463,Lebak,/wiki/Lebak,Mun,Sultan Kudarat,XII
1464,Lutayan,/wiki/Lutayan,Mun,Sultan Kudarat,XII
1465,Palimbang,/wiki/Palimbang,Mun,Sultan Kudarat,XII
1466,President Quirino,"/wiki/President_Quirino,_Sultan_Kudarat",Mun,Sultan Kudarat,XII
1467,Senator Ninoy Aquino,"/wiki/Senator_Ninoy_Aquino,_Sultan_Kudarat",Mun,Sultan Kudarat,XII
1468,Tacurong,/wiki/Tacurong,CC,Sultan Kudarat,XII
1469,Banguingui,"/wiki/Banguingui,_Sulu",Mun,Sulu,BARMM
1470,Hadji Panglima Tahil,/wiki/Hadji_Panglima_Tahil,Mun,Sulu,BARMM
1471,Indanan,/wiki/Indanan,Mun,Sulu,BARMM
1472,Jolo,"/wiki/Jolo,_Sulu",Mun,Sulu,BARMM
1473,Kalingalan Caluang,/wiki/Kalingalan_Caluang,Mun,Sulu,BARMM
1474,Lugus,"/wiki/Lugus,_Sulu",Mun,Sulu,BARMM
1475,Luuk,"/wiki/Luuk,_Sulu",Mun,Sulu,BARMM
1476,Maimbung,/wiki/Maimbung,Mun,Sulu,BARMM
1477,Omar,"/wiki/Omar,_Sulu",Mun,Sulu,BARMM
1478,Panamao,/wiki/Panamao,Mun,Sulu,BARMM
1479,Pandami,/wiki/Pandami,Mun,Sulu,BARMM
1480,Panglima Estino,/wiki/Panglima_Estino,Mun,Sulu,BARMM
1481,Pangutaran,/wiki/Pangutaran,Mun,Sulu,BARMM
1482,Parang,"/wiki/Parang,_Sulu",Mun,Sulu,BARMM
1483,Pata,"/wiki/Pata,_Sulu",Mun,Sulu,BARMM
1484,Patikul,/wiki/Patikul,Mun,Sulu,BARMM
1485,Siasi,/wiki/Siasi,Mun,Sulu,BARMM
1486,Talipao,/wiki/Talipao,Mun,Sulu,BARMM
1487,Tapul,/wiki/Tapul,Mun,Sulu,BARMM
1488,Alegria,"/wiki/Alegria,_Surigao_del_Norte",Mun,Surigao del Norte,XIII
1489,Bacuag,/wiki/Bacuag,Mun,Surigao del Norte,XIII
1490,Burgos,"/wiki/Burgos,_Surigao_del_Norte",Mun,Surigao del Norte,XIII
1491,Claver,"/wiki/Claver,_Surigao_del_Norte",Mun,Surigao del Norte,XIII
1492,Dapa,"/wiki/Dapa,_Surigao_del_Norte",Mun,Surigao del Norte,XIII
1493,Del Carmen,"/wiki/Del_Carmen,_Surigao_del_Norte",Mun,Surigao del Norte,XIII
1494,General Luna,"/wiki/General_Luna,_Surigao_del_Norte",Mun,Surigao del Norte,XIII
1495,Gigaquit,/wiki/Gigaquit,Mun,Surigao del Norte,XIII
1496,Mainit,/wiki/Mainit,Mun,Surigao del Norte,XIII
1497,Malimono,/wiki/Malimono,Mun,Surigao del Norte,XIII
1498,Pilar,"/wiki/Pilar,_Surigao_del_Norte",Mun,Surigao del Norte,XIII
1499,Placer,"/wiki/Placer,_Surigao_del_Norte",Mun,Surigao del Norte,XIII
1500,San Benito,"/wiki/San_Benito,_Surigao_del_Norte",Mun,Surigao del Norte,XIII
1501,San Francisco,"/wiki/San_Francisco,_Surigao_del_Norte",Mun,Surigao del Norte,XIII
1502,San Isidro,"/wiki/San_Isidro,_Surigao_del_Norte",Mun,Surigao del Norte,XIII
1503,Santa Monica,"/wiki/Santa_Monica,_Surigao_del_Norte",Mun,Surigao del Norte,XIII
1504,Sison,"/wiki/Sison,_Surigao_del_Norte",Mun,Surigao del Norte,XIII
1505,Socorro,"/wiki/Socorro,_Surigao_del_Norte",Mun,Surigao del Norte,XIII
1506,Surigao City,/wiki/Surigao_City,CC,Surigao del Norte,XIII
1507,Tagana-an,/wiki/Tagana-an,Mun,Surigao del Norte,XIII
1508,Tubod,"/wiki/Tubod,_Surigao_del_Norte",Mun,Surigao del Norte,XIII
1509,Barobo,/wiki/Barobo,Mun,Surigao del Sur,XIII
1510,Bayabas,"/wiki/Bayabas,_Surigao_del_Sur",Mun,Surigao del Sur,XIII
1511,Bislig,/wiki/Bislig,CC,Surigao del Sur,XIII
1512,Cagwait,/wiki/Cagwait,Mun,Surigao del Sur,XIII
1513,Cantilan,/wiki/Cantilan,Mun,Surigao del Sur,XIII
1514,Carmen,"/wiki/Carmen,_Surigao_del_Sur",Mun,Surigao del Sur,XIII
1515,Carrascal,/wiki/Carrascal,Mun,Surigao del Sur,XIII
1516,Cortes,"/wiki/Cortes,_Surigao_del_Sur",Mun,Surigao del Sur,XIII
1517,Hinatuan,/wiki/Hinatuan,Mun,Surigao del Sur,XIII
1518,Lanuza,"/wiki/Lanuza,_Surigao_del_Sur",Mun,Surigao del Sur,XIII
1519,Lianga,/wiki/Lianga,Mun,Surigao del Sur,XIII
1520,Lingig,/wiki/Lingig,Mun,Surigao del Sur,XIII
1521,Madrid,"/wiki/Madrid,_Surigao_del_Sur",Mun,Surigao del Sur,XIII
1522,Marihatag,/wiki/Marihatag,Mun,Surigao del Sur,XIII
1523,San Agustin,"/wiki/San_Agustin,_Surigao_del_Sur",Mun,Surigao del Sur,XIII
1524,San Miguel,"/wiki/San_Miguel,_Surigao_del_Sur",Mun,Surigao del Sur,XIII
1525,Tagbina,/wiki/Tagbina,Mun,Surigao del Sur,XIII
1526,Tago,"/wiki/Tago,_Surigao_del_Sur",Mun,Surigao del Sur,XIII
1527,Tandag,/wiki/Tandag,CC,Surigao del Sur,XIII
1528,Anao,"/wiki/Anao,_Tarlac",Mun,Tarlac,III
1529,Bamban,/wiki/Bamban,Mun,Tarlac,III
1530,Camiling,/wiki/Camiling,Mun,Tarlac,III
1531,Capas,/wiki/Capas,Mun,Tarlac,III
1532,Concepcion,"/wiki/Concepcion,_Tarlac",Mun,Tarlac,III
1533,Gerona,"/wiki/Gerona,_Tarlac",Mun,Tarlac,III
1534,La Paz,"/wiki/La_Paz,_Tarlac",Mun,Tarlac,III
1535,Mayantoc,/wiki/Mayantoc,Mun,Tarlac,III
1536,Moncada,"/wiki/Moncada,_Tarlac",Mun,Tarlac,III
1537,Paniqui,/wiki/Paniqui,Mun,Tarlac,III
1538,Pura,"/wiki/Pura,_Tarlac",Mun,Tarlac,III
1539,Ramos,"/wiki/Ramos,_Tarlac",Mun,Tarlac,III
1540,San Clemente,"/wiki/San_Clemente,_Tarlac",Mun,Tarlac,III
1541,San Jose,"/wiki/San_Jose,_Tarlac",Mun,Tarlac,III
1542,San Manuel,"/wiki/San_Manuel,_Tarlac",Mun,Tarlac,III
1543,Santa Ignacia,/wiki/Santa_Ignacia,Mun,Tarlac,III
1544,Tarlac City,/wiki/Tarlac_City,CC,Tarlac,III
1545,Victoria,"/wiki/Victoria,_Tarlac",Mun,Tarlac,III
1546,Bongao,/wiki/Bongao,Mun,Tawi-Tawi,BARMM
1547,Languyan,/wiki/Languyan,Mun,Tawi-Tawi,BARMM
1548,Mapun,/wiki/Mapun,Mun,Tawi-Tawi,BARMM
1549,Panglima Sugala,/wiki/Panglima_Sugala,Mun,Tawi-Tawi,BARMM
1550,Sapa-Sapa,/wiki/Sapa-Sapa,Mun,Tawi-Tawi,BARMM
1551,Sibutu,/wiki/Sibutu,Mun,Tawi-Tawi,BARMM
1552,Simunul,/wiki/Simunul,Mun,Tawi-Tawi,BARMM
1553,Sitangkai,/wiki/Sitangkai,Mun,Tawi-Tawi,BARMM
1554,South Ubian,/wiki/South_Ubian,Mun,Tawi-Tawi,BARMM
1555,Tandubas,/wiki/Tandubas,Mun,Tawi-Tawi,BARMM
1556,Turtle Islands,"/wiki/Turtle_Islands,_Tawi-Tawi",Mun,Tawi-Tawi,BARMM
1557,Botolan,/wiki/Botolan,Mun,Zambales,III
1558,Cabangan,/wiki/Cabangan,Mun,Zambales,III
1559,Candelaria,"/wiki/Candelaria,_Zambales",Mun,Zambales,III
1560,Castillejos,/wiki/Castillejos,Mun,Zambales,III
1561,Iba,"/wiki/Iba,_Zambales",Mun,Zambales,III
1562,Masinloc,/wiki/Masinloc,Mun,Zambales,III
1563,Olongapo,/wiki/Olongapo,HUC,Zambales,III
1564,Palauig,/wiki/Palauig,Mun,Zambales,III
1565,San Antonio,"/wiki/San_Antonio,_Zambales",Mun,Zambales,III
1566,San Felipe,"/wiki/San_Felipe,_Zambales",Mun,Zambales,III
1567,San Marcelino,/wiki/San_Marcelino,Mun,Zambales,III
1568,San Narciso,"/wiki/San_Narciso,_Zambales",Mun,Zambales,III
1569,Santa Cruz,"/wiki/Santa_Cruz,_Zambales",Mun,Zambales,III
1570,Subic,"/wiki/Subic,_Zambales",Mun,Zambales,III
1571,Baliguian,/wiki/Baliguian,Mun,Zamboanga del Norte,IX
1572,Dapitan,/wiki/Dapitan,CC,Zamboanga del Norte,IX
1573,Dipolog,/wiki/Dipolog,CC,Zamboanga del Norte,IX
1574,Godod,/wiki/Godod,Mun,Zamboanga del Norte,IX
1575,Gutalac,/wiki/Gutalac,Mun,Zamboanga del Norte,IX
1576,Jose Dalman,/wiki/Jose_Dalman,Mun,Zamboanga del Norte,IX
1577,Kalawit,/wiki/Kalawit,Mun,Zamboanga del Norte,IX
1578,Katipunan,"/wiki/Katipunan,_Zamboanga_del_Norte",Mun,Zamboanga del Norte,IX
1579,La Libertad,"/wiki/La_Libertad,_Zamboanga_del_Norte",Mun,Zamboanga del Norte,IX
1580,Labason,/wiki/Labason,Mun,Zamboanga del Norte,IX
1581,Leon B. Postigo,/wiki/Leon_B._Postigo,Mun,Zamboanga del Norte,IX
1582,Liloy,/wiki/Liloy,Mun,Zamboanga del Norte,IX
1583,Manukan,"/wiki/Manukan,_Zamboanga_del_Norte",Mun,Zamboanga del Norte,IX
1584,Mutia,"/wiki/Mutia,_Zamboanga_del_Norte",Mun,Zamboanga del Norte,IX
1585,Piñan,/wiki/Pi%C3%B1an,Mun,Zamboanga del Norte,IX
1586,Polanco,"/wiki/Polanco,_Zamboanga_del_Norte",Mun,Zamboanga del Norte,IX
1587,Rizal,"/wiki/Rizal,_Zamboanga_del_Norte",Mun,Zamboanga del Norte,IX
1588,Roxas,"/wiki/Roxas,_Zamboanga_del_Norte",Mun,Zamboanga del Norte,IX
1589,Salug,/wiki/Salug,Mun,Zamboanga del Norte,IX
1590,Sergio Osmeña,"/wiki/Sergio_Osme%C3%B1a,_Zamboanga_del_Norte",Mun,Zamboanga del Norte,IX
1591,Siayan,"/wiki/Siayan,_Zamboanga_del_Norte",Mun,Zamboanga del Norte,IX
1592,Sibuco,/wiki/Sibuco,Mun,Zamboanga del Norte,IX
1593,Sibutad,/wiki/Sibutad,Mun,Zamboanga del Norte,IX
1594,Sindangan,/wiki/Sindangan,Mun,Zamboanga del Norte,IX
1595,Siocon,/wiki/Siocon,Mun,Zamboanga del Norte,IX
1596,Sirawai,/wiki/Sirawai,Mun,Zamboanga del Norte,IX
1597,Tampilisan,/wiki/Tampilisan,Mun,Zamboanga del Norte,IX
1598,Aurora,"/wiki/Aurora,_Zamboanga_del_Sur",Mun,Zamboanga del Sur,IX
1599,Bayog,/wiki/Bayog,Mun,Zamboanga del Sur,IX
1600,Dimataling,/wiki/Dimataling,Mun,Zamboanga del Sur,IX
1601,Dinas,"/wiki/Dinas,_Zamboanga_del_Sur",Mun,Zamboanga del Sur,IX
1602,Dumalinao,/wiki/Dumalinao,Mun,Zamboanga del Sur,IX
1603,Dumingag,/wiki/Dumingag,Mun,Zamboanga del Sur,IX
1604,Guipos,/wiki/Guipos,Mun,Zamboanga del Sur,IX
1605,Josefina,"/wiki/Josefina,_Zamboanga_del_Sur",Mun,Zamboanga del Sur,IX
1606,Kumalarang,/wiki/Kumalarang,Mun,Zamboanga del Sur,IX
1607,Labangan,/wiki/Labangan,Mun,Zamboanga del Sur,IX
1608,Lakewood,"/wiki/Lakewood,_Zamboanga_del_Sur",Mun,Zamboanga del Sur,IX
1609,Lapuyan,/wiki/Lapuyan,Mun,Zamboanga del Sur,IX
1610,Mahayag,/wiki/Mahayag,Mun,Zamboanga del Sur,IX
1611,Margosatubig,/wiki/Margosatubig,Mun,Zamboanga del Sur,IX
1612,Midsalip,/wiki/Midsalip,Mun,Zamboanga del Sur,IX
1613,Molave,"/wiki/Molave,_Zamboanga_del_Sur",Mun,Zamboanga del Sur,IX
1614,Pagadian,/wiki/Pagadian,CC,Zamboanga del Sur,IX
1615,Pitogo,"/wiki/Pitogo,_Zamboanga_del_Sur",Mun,Zamboanga del Sur,IX
1616,Ramon Magsaysay,"/wiki/Ramon_Magsaysay,_Zamboanga_del_Sur",Mun,Zamboanga del Sur,IX
1617,San Miguel,"/wiki/San_Miguel,_Zamboanga_del_Sur",Mun,Zamboanga del Sur,IX
1618,San Pablo,"/wiki/San_Pablo,_Zamboanga_del_Sur",Mun,Zamboanga del Sur,IX
1619,Sominot,/wiki/Sominot,Mun,Zamboanga del Sur,IX
1620,Tabina,/wiki/Tabina,Mun,Zamboanga del Sur,IX
1621,Tambulig,/wiki/Tambulig,Mun,Zamboanga del Sur,IX
1622,Tigbao,"/wiki/Tigbao,_Zamboanga_del_Sur",Mun,Zamboanga del Sur,IX
1623,Tukuran,/wiki/Tukuran,Mun,Zamboanga del Sur,IX
1624,Vincenzo A. Sagun,/wiki/Vincenzo_A._Sagun,Mun,Zamboanga del Sur,IX
1625,Zamboanga City,/wiki/Zamboanga_City,HUC,Zamboanga del Sur,IX
1626,Alicia,"/wiki/Alicia,_Zamboanga_Sibugay",Mun,Zamboanga Sibugay,IX
1627,Buug,/wiki/Buug,Mun,Zamboanga Sibugay,IX
1628,Diplahan,/wiki/Diplahan,Mun,Zamboanga Sibugay,IX
1629,Imelda,"/wiki/Imelda,_Zamboanga_Sibugay",Mun,Zamboanga Sibugay,IX
1630,Ipil,"/wiki/Ipil,_Zamboanga_Sibugay",Mun,Zamboanga Sibugay,IX
1631,Kabasalan,/wiki/Kabasalan,Mun,Zamboanga Sibugay,IX
1632,Mabuhay,"/wiki/Mabuhay,_Zamboanga_Sibugay",Mun,Zamboanga Sibugay,IX
1633,Malangas,/wiki/Malangas,Mun,Zamboanga Sibugay,IX
1634,Naga,"/wiki/Naga,_Zamboanga_Sibugay",Mun,Zamboanga Sibugay,IX
1635,Olutanga,"/wiki/Olutanga,_Zamboanga_Sibugay",Mun,Zamboanga Sibugay,IX
1636,Payao,"/wiki/Payao,_Zamboanga_Sibugay",Mun,Zamboanga Sibugay,IX
1637,Roseller Lim,"/wiki/Roseller_Lim,_Zamboanga_Sibugay",Mun,Zamboanga Sibugay,IX
1638,Siay,/wiki/Siay,Mun,Zamboanga Sibugay,IX
1639,Talusan,/wiki/Talusan,Mun,Zamboanga Sibugay,IX
1640,Titay,/wiki/Titay,Mun,Zamboanga Sibugay,IX
1641,Tungawan,/wiki/Tungawan,Mun,Zamboanga Sibugay,IX
